id,image_url,room_id,name
1,https://img.dailyhotel.me/resources/room/000/023/845/592700/ddddssss_62120192.jpg,1,스탠다드
2,https://images.unsplash.com/photo-1572177215152-32f247303126?crop=entropy&cs=tinysrgb&fit=max&fm=jpg&ixid=MnwyNjY4NDl8MHwxfHNlYXJjaHw5MXx8aG90ZWx8ZW58MHx8fHwxNjM1OTM3OTYz&ixlib=rb-1.2.1&q=80&w=400,2,디럭스
3,https://images.unsplash.com/photo-1568495248636-6432b97bd949?crop=entropy&cs=tinysrgb&fit=max&fm=jpg&ixid=MnwyNjY4NDl8MHwxfHNlYXJjaHw5Mnx8aG90ZWx8ZW58MHx8fHwxNjM1OTM3OTYz&ixlib=rb-1.2.1&q=80&w=400,3,이그제큐티브
4,https://images.unsplash.com/photo-1558976825-6b1b03a03719?crop=entropy&cs=tinysrgb&fit=max&fm=jpg&ixid=MnwyNjY4NDl8MHwxfHNlYXJjaHw5Nnx8aG90ZWx8ZW58MHx8fHwxNjM1OTM3OTYz&ixlib=rb-1.2.1&q=80&w=400,4,스위트
5,https://images.unsplash.com/photo-1561049933-f8b4f520ca32?crop=entropy&cs=tinysrgb&fit=max&fm=jpg&ixid=MnwyNjY4NDl8MHwxfHNlYXJjaHw4MXx8aG90ZWx8ZW58MHx8fHwxNjM1OTM4MDEy&ixlib=rb-1.2.1&q=80&w=400,5,스탠다드
6,https://images.unsplash.com/photo-1584132905271-512c958d674a?crop=entropy&cs=tinysrgb&fit=max&fm=jpg&ixid=MnwyNjY4NDl8MHwxfHNlYXJjaHw3Mnx8aG90ZWx8ZW58MHx8fHwxNjM1OTM4MDM4&ixlib=rb-1.2.1&q=80&w=400,6,디럭스
7,https://images.unsplash.com/photo-1582719478250-c89cae4dc85b?crop=entropy&cs=tinysrgb&fit=max&fm=jpg&ixid=MnwyNjY4NDl8MHwxfHNlYXJjaHw3NHx8aG90ZWx8ZW58MHx8fHwxNjM1OTM4MDM4&ixlib=rb-1.2.1&q=80&w=400,7,이그제큐티브
8,https://images.unsplash.com/photo-1584132915807-fd1f5fbc078f?crop=entropy&cs=tinysrgb&fit=max&fm=jpg&ixid=MnwyNjY4NDl8MHwxfHNlYXJjaHw3Nnx8aG90ZWx8ZW58MHx8fHwxNjM1OTM4MDM4&ixlib=rb-1.2.1&q=80&w=400,8,스위트
9,https://images.unsplash.com/photo-1561049933-c7762dbc757e?crop=entropy&cs=tinysrgb&fit=max&fm=jpg&ixid=MnwyNjY4NDl8MHwxfHNlYXJjaHw3OXx8aG90ZWx8ZW58MHx8fHwxNjM1OTM4MDM4&ixlib=rb-1.2.1&q=80&w=400,9,스탠다드
10,https://images.unsplash.com/photo-1566195992011-5f6b21e539aa?crop=entropy&cs=tinysrgb&fit=max&fm=jpg&ixid=MnwyNjY4NDl8MHwxfHNlYXJjaHw2NXx8aG90ZWx8ZW58MHx8fHwxNjM1OTM4MDU1&ixlib=rb-1.2.1&q=80&w=400,10,디럭스
11,https://images.unsplash.com/photo-1522771739844-6a9f6d5f14af?crop=entropy&cs=tinysrgb&fit=max&fm=jpg&ixid=MnwyNjY4NDl8MHwxfHNlYXJjaHw2Nnx8aG90ZWx8ZW58MHx8fHwxNjM1OTM4MDU1&ixlib=rb-1.2.1&q=80&w=400,11,이그제큐티브
12,https://images.unsplash.com/photo-1561049933-c8fbef47b329?crop=entropy&cs=tinysrgb&fit=max&fm=jpg&ixid=MnwyNjY4NDl8MHwxfHNlYXJjaHw2N3x8aG90ZWx8ZW58MHx8fHwxNjM1OTM4MDU1&ixlib=rb-1.2.1&q=80&w=400,12,스위트
13,https://images.unsplash.com/photo-1486591038957-19e7c73bdc41?crop=entropy&cs=tinysrgb&fit=max&fm=jpg&ixid=MnwyNjY4NDl8MHwxfHNlYXJjaHw2OHx8aG90ZWx8ZW58MHx8fHwxNjM1OTM4MDU1&ixlib=rb-1.2.1&q=80&w=400,13,스탠다드
14,https://images.unsplash.com/photo-1578683010236-d716f9a3f461?crop=entropy&cs=tinysrgb&fit=max&fm=jpg&ixid=MnwyNjY4NDl8MHwxfHNlYXJjaHw1M3x8aG90ZWx8ZW58MHx8fHwxNjM1OTM4MDcy&ixlib=rb-1.2.1&q=80&w=400,14,디럭스
15,https://images.unsplash.com/photo-1574643156929-51fa098b0394?crop=entropy&cs=tinysrgb&fit=max&fm=jpg&ixid=MnwyNjY4NDl8MHwxfHNlYXJjaHw1NHx8aG90ZWx8ZW58MHx8fHwxNjM1OTM4MDcy&ixlib=rb-1.2.1&q=80&w=400,15,이그제큐티브
16,https://images.unsplash.com/photo-1629140727571-9b5c6f6267b4?crop=entropy&cs=tinysrgb&fit=max&fm=jpg&ixid=MnwyNjY4NDl8MHwxfHNlYXJjaHw1NXx8aG90ZWx8ZW58MHx8fHwxNjM1OTM4MDcy&ixlib=rb-1.2.1&q=80&w=400,16,스위트
17,https://images.unsplash.com/photo-1559508551-44bff1de756b?crop=entropy&cs=tinysrgb&fit=max&fm=jpg&ixid=MnwyNjY4NDl8MHwxfHNlYXJjaHw1Nnx8aG90ZWx8ZW58MHx8fHwxNjM1OTM4MDcy&ixlib=rb-1.2.1&q=80&w=400,17,스탠다드
18,https://images.unsplash.com/photo-1592229505726-ca121723b8ef?crop=entropy&cs=tinysrgb&fit=max&fm=jpg&ixid=MnwyNjY4NDl8MHwxfHNlYXJjaHw3MHx8aG90ZWx8ZW58MHx8fHwxNjM1OTM4MDU1&ixlib=rb-1.2.1&q=80&w=400,18,디럭스
19,https://images.unsplash.com/photo-1512918728675-ed5a9ecdebfd?crop=entropy&cs=tinysrgb&fit=max&fm=jpg&ixid=MnwyNjY4NDl8MHwxfHNlYXJjaHwzM3x8aG90ZWx8ZW58MHx8fHwxNjM1OTM4MTY4&ixlib=rb-1.2.1&q=80&w=400,19,이그제큐티브
20,https://images.unsplash.com/photo-1611892440504-42a792e24d32?crop=entropy&cs=tinysrgb&fit=max&fm=jpg&ixid=MnwyNjY4NDl8MHwxfHNlYXJjaHwzNHx8aG90ZWx8ZW58MHx8fHwxNjM1OTM4MTY4&ixlib=rb-1.2.1&q=80&w=400,20,스위트
21,https://images.unsplash.com/photo-1572177215152-32f247303126?crop=entropy&cs=tinysrgb&fit=max&fm=jpg&ixid=MnwyNjY4NDl8MHwxfHNlYXJjaHw5MXx8aG90ZWx8ZW58MHx8fHwxNjM1OTM3OTYz&ixlib=rb-1.2.1&q=80&w=400,21,스탠다드
22,https://images.unsplash.com/photo-1568495248636-6432b97bd949?crop=entropy&cs=tinysrgb&fit=max&fm=jpg&ixid=MnwyNjY4NDl8MHwxfHNlYXJjaHw5Mnx8aG90ZWx8ZW58MHx8fHwxNjM1OTM3OTYz&ixlib=rb-1.2.1&q=80&w=400,22,디럭스
23,https://images.unsplash.com/photo-1558976825-6b1b03a03719?crop=entropy&cs=tinysrgb&fit=max&fm=jpg&ixid=MnwyNjY4NDl8MHwxfHNlYXJjaHw5Nnx8aG90ZWx8ZW58MHx8fHwxNjM1OTM3OTYz&ixlib=rb-1.2.1&q=80&w=400,23,이그제큐티브
24,https://images.unsplash.com/photo-1561049933-f8b4f520ca32?crop=entropy&cs=tinysrgb&fit=max&fm=jpg&ixid=MnwyNjY4NDl8MHwxfHNlYXJjaHw4MXx8aG90ZWx8ZW58MHx8fHwxNjM1OTM4MDEy&ixlib=rb-1.2.1&q=80&w=400,24,스위트
25,https://images.unsplash.com/photo-1584132905271-512c958d674a?crop=entropy&cs=tinysrgb&fit=max&fm=jpg&ixid=MnwyNjY4NDl8MHwxfHNlYXJjaHw3Mnx8aG90ZWx8ZW58MHx8fHwxNjM1OTM4MDM4&ixlib=rb-1.2.1&q=80&w=400,25,스탠다드
26,https://images.unsplash.com/photo-1582719478250-c89cae4dc85b?crop=entropy&cs=tinysrgb&fit=max&fm=jpg&ixid=MnwyNjY4NDl8MHwxfHNlYXJjaHw3NHx8aG90ZWx8ZW58MHx8fHwxNjM1OTM4MDM4&ixlib=rb-1.2.1&q=80&w=400,26,디럭스
27,https://images.unsplash.com/photo-1584132915807-fd1f5fbc078f?crop=entropy&cs=tinysrgb&fit=max&fm=jpg&ixid=MnwyNjY4NDl8MHwxfHNlYXJjaHw3Nnx8aG90ZWx8ZW58MHx8fHwxNjM1OTM4MDM4&ixlib=rb-1.2.1&q=80&w=400,27,이그제큐티브
28,https://images.unsplash.com/photo-1561049933-c7762dbc757e?crop=entropy&cs=tinysrgb&fit=max&fm=jpg&ixid=MnwyNjY4NDl8MHwxfHNlYXJjaHw3OXx8aG90ZWx8ZW58MHx8fHwxNjM1OTM4MDM4&ixlib=rb-1.2.1&q=80&w=400,28,스위트
29,https://images.unsplash.com/photo-1566195992011-5f6b21e539aa?crop=entropy&cs=tinysrgb&fit=max&fm=jpg&ixid=MnwyNjY4NDl8MHwxfHNlYXJjaHw2NXx8aG90ZWx8ZW58MHx8fHwxNjM1OTM4MDU1&ixlib=rb-1.2.1&q=80&w=400,29,스탠다드
30,https://images.unsplash.com/photo-1522771739844-6a9f6d5f14af?crop=entropy&cs=tinysrgb&fit=max&fm=jpg&ixid=MnwyNjY4NDl8MHwxfHNlYXJjaHw2Nnx8aG90ZWx8ZW58MHx8fHwxNjM1OTM4MDU1&ixlib=rb-1.2.1&q=80&w=400,30,디럭스
31,https://images.unsplash.com/photo-1561049933-c8fbef47b329?crop=entropy&cs=tinysrgb&fit=max&fm=jpg&ixid=MnwyNjY4NDl8MHwxfHNlYXJjaHw2N3x8aG90ZWx8ZW58MHx8fHwxNjM1OTM4MDU1&ixlib=rb-1.2.1&q=80&w=400,31,이그제큐티브
32,https://images.unsplash.com/photo-1486591038957-19e7c73bdc41?crop=entropy&cs=tinysrgb&fit=max&fm=jpg&ixid=MnwyNjY4NDl8MHwxfHNlYXJjaHw2OHx8aG90ZWx8ZW58MHx8fHwxNjM1OTM4MDU1&ixlib=rb-1.2.1&q=80&w=400,32,스위트
33,https://images.unsplash.com/photo-1578683010236-d716f9a3f461?crop=entropy&cs=tinysrgb&fit=max&fm=jpg&ixid=MnwyNjY4NDl8MHwxfHNlYXJjaHw1M3x8aG90ZWx8ZW58MHx8fHwxNjM1OTM4MDcy&ixlib=rb-1.2.1&q=80&w=400,33,스탠다드
34,https://images.unsplash.com/photo-1574643156929-51fa098b0394?crop=entropy&cs=tinysrgb&fit=max&fm=jpg&ixid=MnwyNjY4NDl8MHwxfHNlYXJjaHw1NHx8aG90ZWx8ZW58MHx8fHwxNjM1OTM4MDcy&ixlib=rb-1.2.1&q=80&w=400,34,디럭스
35,https://images.unsplash.com/photo-1629140727571-9b5c6f6267b4?crop=entropy&cs=tinysrgb&fit=max&fm=jpg&ixid=MnwyNjY4NDl8MHwxfHNlYXJjaHw1NXx8aG90ZWx8ZW58MHx8fHwxNjM1OTM4MDcy&ixlib=rb-1.2.1&q=80&w=400,35,이그제큐티브
36,https://images.unsplash.com/photo-1559508551-44bff1de756b?crop=entropy&cs=tinysrgb&fit=max&fm=jpg&ixid=MnwyNjY4NDl8MHwxfHNlYXJjaHw1Nnx8aG90ZWx8ZW58MHx8fHwxNjM1OTM4MDcy&ixlib=rb-1.2.1&q=80&w=400,36,스위트
37,https://images.unsplash.com/photo-1592229505726-ca121723b8ef?crop=entropy&cs=tinysrgb&fit=max&fm=jpg&ixid=MnwyNjY4NDl8MHwxfHNlYXJjaHw3MHx8aG90ZWx8ZW58MHx8fHwxNjM1OTM4MDU1&ixlib=rb-1.2.1&q=80&w=400,37,스탠다드
38,https://images.unsplash.com/photo-1512918728675-ed5a9ecdebfd?crop=entropy&cs=tinysrgb&fit=max&fm=jpg&ixid=MnwyNjY4NDl8MHwxfHNlYXJjaHwzM3x8aG90ZWx8ZW58MHx8fHwxNjM1OTM4MTY4&ixlib=rb-1.2.1&q=80&w=400,38,디럭스
39,https://images.unsplash.com/photo-1611892440504-42a792e24d32?crop=entropy&cs=tinysrgb&fit=max&fm=jpg&ixid=MnwyNjY4NDl8MHwxfHNlYXJjaHwzNHx8aG90ZWx8ZW58MHx8fHwxNjM1OTM4MTY4&ixlib=rb-1.2.1&q=80&w=400,39,이그제큐티브
40,https://images.unsplash.com/photo-1572177215152-32f247303126?crop=entropy&cs=tinysrgb&fit=max&fm=jpg&ixid=MnwyNjY4NDl8MHwxfHNlYXJjaHw5MXx8aG90ZWx8ZW58MHx8fHwxNjM1OTM3OTYz&ixlib=rb-1.2.1&q=80&w=400,40,스위트
41,https://images.unsplash.com/photo-1568495248636-6432b97bd949?crop=entropy&cs=tinysrgb&fit=max&fm=jpg&ixid=MnwyNjY4NDl8MHwxfHNlYXJjaHw5Mnx8aG90ZWx8ZW58MHx8fHwxNjM1OTM3OTYz&ixlib=rb-1.2.1&q=80&w=400,41,스탠다드
42,https://images.unsplash.com/photo-1558976825-6b1b03a03719?crop=entropy&cs=tinysrgb&fit=max&fm=jpg&ixid=MnwyNjY4NDl8MHwxfHNlYXJjaHw5Nnx8aG90ZWx8ZW58MHx8fHwxNjM1OTM3OTYz&ixlib=rb-1.2.1&q=80&w=400,42,디럭스
43,https://images.unsplash.com/photo-1561049933-f8b4f520ca32?crop=entropy&cs=tinysrgb&fit=max&fm=jpg&ixid=MnwyNjY4NDl8MHwxfHNlYXJjaHw4MXx8aG90ZWx8ZW58MHx8fHwxNjM1OTM4MDEy&ixlib=rb-1.2.1&q=80&w=400,43,이그제큐티브
44,https://images.unsplash.com/photo-1584132905271-512c958d674a?crop=entropy&cs=tinysrgb&fit=max&fm=jpg&ixid=MnwyNjY4NDl8MHwxfHNlYXJjaHw3Mnx8aG90ZWx8ZW58MHx8fHwxNjM1OTM4MDM4&ixlib=rb-1.2.1&q=80&w=400,44,스위트
45,https://images.unsplash.com/photo-1582719478250-c89cae4dc85b?crop=entropy&cs=tinysrgb&fit=max&fm=jpg&ixid=MnwyNjY4NDl8MHwxfHNlYXJjaHw3NHx8aG90ZWx8ZW58MHx8fHwxNjM1OTM4MDM4&ixlib=rb-1.2.1&q=80&w=400,45,스탠다드
46,https://images.unsplash.com/photo-1584132915807-fd1f5fbc078f?crop=entropy&cs=tinysrgb&fit=max&fm=jpg&ixid=MnwyNjY4NDl8MHwxfHNlYXJjaHw3Nnx8aG90ZWx8ZW58MHx8fHwxNjM1OTM4MDM4&ixlib=rb-1.2.1&q=80&w=400,46,디럭스
47,https://images.unsplash.com/photo-1561049933-c7762dbc757e?crop=entropy&cs=tinysrgb&fit=max&fm=jpg&ixid=MnwyNjY4NDl8MHwxfHNlYXJjaHw3OXx8aG90ZWx8ZW58MHx8fHwxNjM1OTM4MDM4&ixlib=rb-1.2.1&q=80&w=400,47,이그제큐티브
48,https://images.unsplash.com/photo-1566195992011-5f6b21e539aa?crop=entropy&cs=tinysrgb&fit=max&fm=jpg&ixid=MnwyNjY4NDl8MHwxfHNlYXJjaHw2NXx8aG90ZWx8ZW58MHx8fHwxNjM1OTM4MDU1&ixlib=rb-1.2.1&q=80&w=400,48,스위트
49,https://images.unsplash.com/photo-1522771739844-6a9f6d5f14af?crop=entropy&cs=tinysrgb&fit=max&fm=jpg&ixid=MnwyNjY4NDl8MHwxfHNlYXJjaHw2Nnx8aG90ZWx8ZW58MHx8fHwxNjM1OTM4MDU1&ixlib=rb-1.2.1&q=80&w=400,49,스탠다드
50,https://images.unsplash.com/photo-1561049933-c8fbef47b329?crop=entropy&cs=tinysrgb&fit=max&fm=jpg&ixid=MnwyNjY4NDl8MHwxfHNlYXJjaHw2N3x8aG90ZWx8ZW58MHx8fHwxNjM1OTM4MDU1&ixlib=rb-1.2.1&q=80&w=400,50,디럭스
51,https://images.unsplash.com/photo-1486591038957-19e7c73bdc41?crop=entropy&cs=tinysrgb&fit=max&fm=jpg&ixid=MnwyNjY4NDl8MHwxfHNlYXJjaHw2OHx8aG90ZWx8ZW58MHx8fHwxNjM1OTM4MDU1&ixlib=rb-1.2.1&q=80&w=400,51,이그제큐티브
52,https://images.unsplash.com/photo-1578683010236-d716f9a3f461?crop=entropy&cs=tinysrgb&fit=max&fm=jpg&ixid=MnwyNjY4NDl8MHwxfHNlYXJjaHw1M3x8aG90ZWx8ZW58MHx8fHwxNjM1OTM4MDcy&ixlib=rb-1.2.1&q=80&w=400,52,스위트
53,https://images.unsplash.com/photo-1574643156929-51fa098b0394?crop=entropy&cs=tinysrgb&fit=max&fm=jpg&ixid=MnwyNjY4NDl8MHwxfHNlYXJjaHw1NHx8aG90ZWx8ZW58MHx8fHwxNjM1OTM4MDcy&ixlib=rb-1.2.1&q=80&w=400,53,스탠다드
54,https://images.unsplash.com/photo-1629140727571-9b5c6f6267b4?crop=entropy&cs=tinysrgb&fit=max&fm=jpg&ixid=MnwyNjY4NDl8MHwxfHNlYXJjaHw1NXx8aG90ZWx8ZW58MHx8fHwxNjM1OTM4MDcy&ixlib=rb-1.2.1&q=80&w=400,54,디럭스
55,https://images.unsplash.com/photo-1559508551-44bff1de756b?crop=entropy&cs=tinysrgb&fit=max&fm=jpg&ixid=MnwyNjY4NDl8MHwxfHNlYXJjaHw1Nnx8aG90ZWx8ZW58MHx8fHwxNjM1OTM4MDcy&ixlib=rb-1.2.1&q=80&w=400,55,이그제큐티브
56,https://images.unsplash.com/photo-1592229505726-ca121723b8ef?crop=entropy&cs=tinysrgb&fit=max&fm=jpg&ixid=MnwyNjY4NDl8MHwxfHNlYXJjaHw3MHx8aG90ZWx8ZW58MHx8fHwxNjM1OTM4MDU1&ixlib=rb-1.2.1&q=80&w=400,56,스위트
57,https://images.unsplash.com/photo-1512918728675-ed5a9ecdebfd?crop=entropy&cs=tinysrgb&fit=max&fm=jpg&ixid=MnwyNjY4NDl8MHwxfHNlYXJjaHwzM3x8aG90ZWx8ZW58MHx8fHwxNjM1OTM4MTY4&ixlib=rb-1.2.1&q=80&w=400,57,스탠다드
58,https://images.unsplash.com/photo-1611892440504-42a792e24d32?crop=entropy&cs=tinysrgb&fit=max&fm=jpg&ixid=MnwyNjY4NDl8MHwxfHNlYXJjaHwzNHx8aG90ZWx8ZW58MHx8fHwxNjM1OTM4MTY4&ixlib=rb-1.2.1&q=80&w=400,58,디럭스
59,https://images.unsplash.com/photo-1572177215152-32f247303126?crop=entropy&cs=tinysrgb&fit=max&fm=jpg&ixid=MnwyNjY4NDl8MHwxfHNlYXJjaHw5MXx8aG90ZWx8ZW58MHx8fHwxNjM1OTM3OTYz&ixlib=rb-1.2.1&q=80&w=400,59,이그제큐티브
60,https://images.unsplash.com/photo-1568495248636-6432b97bd949?crop=entropy&cs=tinysrgb&fit=max&fm=jpg&ixid=MnwyNjY4NDl8MHwxfHNlYXJjaHw5Mnx8aG90ZWx8ZW58MHx8fHwxNjM1OTM3OTYz&ixlib=rb-1.2.1&q=80&w=400,60,스위트
61,https://images.unsplash.com/photo-1558976825-6b1b03a03719?crop=entropy&cs=tinysrgb&fit=max&fm=jpg&ixid=MnwyNjY4NDl8MHwxfHNlYXJjaHw5Nnx8aG90ZWx8ZW58MHx8fHwxNjM1OTM3OTYz&ixlib=rb-1.2.1&q=80&w=400,61,스탠다드
62,https://images.unsplash.com/photo-1561049933-f8b4f520ca32?crop=entropy&cs=tinysrgb&fit=max&fm=jpg&ixid=MnwyNjY4NDl8MHwxfHNlYXJjaHw4MXx8aG90ZWx8ZW58MHx8fHwxNjM1OTM4MDEy&ixlib=rb-1.2.1&q=80&w=400,62,디럭스
63,https://images.unsplash.com/photo-1584132905271-512c958d674a?crop=entropy&cs=tinysrgb&fit=max&fm=jpg&ixid=MnwyNjY4NDl8MHwxfHNlYXJjaHw3Mnx8aG90ZWx8ZW58MHx8fHwxNjM1OTM4MDM4&ixlib=rb-1.2.1&q=80&w=400,63,이그제큐티브
64,https://images.unsplash.com/photo-1582719478250-c89cae4dc85b?crop=entropy&cs=tinysrgb&fit=max&fm=jpg&ixid=MnwyNjY4NDl8MHwxfHNlYXJjaHw3NHx8aG90ZWx8ZW58MHx8fHwxNjM1OTM4MDM4&ixlib=rb-1.2.1&q=80&w=400,64,스위트
65,https://images.unsplash.com/photo-1584132915807-fd1f5fbc078f?crop=entropy&cs=tinysrgb&fit=max&fm=jpg&ixid=MnwyNjY4NDl8MHwxfHNlYXJjaHw3Nnx8aG90ZWx8ZW58MHx8fHwxNjM1OTM4MDM4&ixlib=rb-1.2.1&q=80&w=400,65,스탠다드
66,https://images.unsplash.com/photo-1561049933-c7762dbc757e?crop=entropy&cs=tinysrgb&fit=max&fm=jpg&ixid=MnwyNjY4NDl8MHwxfHNlYXJjaHw3OXx8aG90ZWx8ZW58MHx8fHwxNjM1OTM4MDM4&ixlib=rb-1.2.1&q=80&w=400,66,디럭스
67,https://images.unsplash.com/photo-1566195992011-5f6b21e539aa?crop=entropy&cs=tinysrgb&fit=max&fm=jpg&ixid=MnwyNjY4NDl8MHwxfHNlYXJjaHw2NXx8aG90ZWx8ZW58MHx8fHwxNjM1OTM4MDU1&ixlib=rb-1.2.1&q=80&w=400,67,이그제큐티브
68,https://images.unsplash.com/photo-1522771739844-6a9f6d5f14af?crop=entropy&cs=tinysrgb&fit=max&fm=jpg&ixid=MnwyNjY4NDl8MHwxfHNlYXJjaHw2Nnx8aG90ZWx8ZW58MHx8fHwxNjM1OTM4MDU1&ixlib=rb-1.2.1&q=80&w=400,68,스위트
69,https://images.unsplash.com/photo-1561049933-c8fbef47b329?crop=entropy&cs=tinysrgb&fit=max&fm=jpg&ixid=MnwyNjY4NDl8MHwxfHNlYXJjaHw2N3x8aG90ZWx8ZW58MHx8fHwxNjM1OTM4MDU1&ixlib=rb-1.2.1&q=80&w=400,69,스탠다드
70,https://images.unsplash.com/photo-1486591038957-19e7c73bdc41?crop=entropy&cs=tinysrgb&fit=max&fm=jpg&ixid=MnwyNjY4NDl8MHwxfHNlYXJjaHw2OHx8aG90ZWx8ZW58MHx8fHwxNjM1OTM4MDU1&ixlib=rb-1.2.1&q=80&w=400,70,디럭스
71,https://images.unsplash.com/photo-1578683010236-d716f9a3f461?crop=entropy&cs=tinysrgb&fit=max&fm=jpg&ixid=MnwyNjY4NDl8MHwxfHNlYXJjaHw1M3x8aG90ZWx8ZW58MHx8fHwxNjM1OTM4MDcy&ixlib=rb-1.2.1&q=80&w=400,71,이그제큐티브
72,https://images.unsplash.com/photo-1574643156929-51fa098b0394?crop=entropy&cs=tinysrgb&fit=max&fm=jpg&ixid=MnwyNjY4NDl8MHwxfHNlYXJjaHw1NHx8aG90ZWx8ZW58MHx8fHwxNjM1OTM4MDcy&ixlib=rb-1.2.1&q=80&w=400,72,스위트
73,https://images.unsplash.com/photo-1629140727571-9b5c6f6267b4?crop=entropy&cs=tinysrgb&fit=max&fm=jpg&ixid=MnwyNjY4NDl8MHwxfHNlYXJjaHw1NXx8aG90ZWx8ZW58MHx8fHwxNjM1OTM4MDcy&ixlib=rb-1.2.1&q=80&w=400,73,스탠다드
74,https://images.unsplash.com/photo-1559508551-44bff1de756b?crop=entropy&cs=tinysrgb&fit=max&fm=jpg&ixid=MnwyNjY4NDl8MHwxfHNlYXJjaHw1Nnx8aG90ZWx8ZW58MHx8fHwxNjM1OTM4MDcy&ixlib=rb-1.2.1&q=80&w=400,74,디럭스
75,https://images.unsplash.com/photo-1592229505726-ca121723b8ef?crop=entropy&cs=tinysrgb&fit=max&fm=jpg&ixid=MnwyNjY4NDl8MHwxfHNlYXJjaHw3MHx8aG90ZWx8ZW58MHx8fHwxNjM1OTM4MDU1&ixlib=rb-1.2.1&q=80&w=400,75,이그제큐티브
76,https://images.unsplash.com/photo-1512918728675-ed5a9ecdebfd?crop=entropy&cs=tinysrgb&fit=max&fm=jpg&ixid=MnwyNjY4NDl8MHwxfHNlYXJjaHwzM3x8aG90ZWx8ZW58MHx8fHwxNjM1OTM4MTY4&ixlib=rb-1.2.1&q=80&w=400,76,스위트
77,https://images.unsplash.com/photo-1611892440504-42a792e24d32?crop=entropy&cs=tinysrgb&fit=max&fm=jpg&ixid=MnwyNjY4NDl8MHwxfHNlYXJjaHwzNHx8aG90ZWx8ZW58MHx8fHwxNjM1OTM4MTY4&ixlib=rb-1.2.1&q=80&w=400,77,스탠다드
78,https://images.unsplash.com/photo-1572177215152-32f247303126?crop=entropy&cs=tinysrgb&fit=max&fm=jpg&ixid=MnwyNjY4NDl8MHwxfHNlYXJjaHw5MXx8aG90ZWx8ZW58MHx8fHwxNjM1OTM3OTYz&ixlib=rb-1.2.1&q=80&w=400,78,디럭스
79,https://images.unsplash.com/photo-1568495248636-6432b97bd949?crop=entropy&cs=tinysrgb&fit=max&fm=jpg&ixid=MnwyNjY4NDl8MHwxfHNlYXJjaHw5Mnx8aG90ZWx8ZW58MHx8fHwxNjM1OTM3OTYz&ixlib=rb-1.2.1&q=80&w=400,79,이그제큐티브
80,https://images.unsplash.com/photo-1558976825-6b1b03a03719?crop=entropy&cs=tinysrgb&fit=max&fm=jpg&ixid=MnwyNjY4NDl8MHwxfHNlYXJjaHw5Nnx8aG90ZWx8ZW58MHx8fHwxNjM1OTM3OTYz&ixlib=rb-1.2.1&q=80&w=400,80,스위트
81,https://images.unsplash.com/photo-1561049933-f8b4f520ca32?crop=entropy&cs=tinysrgb&fit=max&fm=jpg&ixid=MnwyNjY4NDl8MHwxfHNlYXJjaHw4MXx8aG90ZWx8ZW58MHx8fHwxNjM1OTM4MDEy&ixlib=rb-1.2.1&q=80&w=400,81,스탠다드
82,https://images.unsplash.com/photo-1584132905271-512c958d674a?crop=entropy&cs=tinysrgb&fit=max&fm=jpg&ixid=MnwyNjY4NDl8MHwxfHNlYXJjaHw3Mnx8aG90ZWx8ZW58MHx8fHwxNjM1OTM4MDM4&ixlib=rb-1.2.1&q=80&w=400,82,디럭스
83,https://images.unsplash.com/photo-1582719478250-c89cae4dc85b?crop=entropy&cs=tinysrgb&fit=max&fm=jpg&ixid=MnwyNjY4NDl8MHwxfHNlYXJjaHw3NHx8aG90ZWx8ZW58MHx8fHwxNjM1OTM4MDM4&ixlib=rb-1.2.1&q=80&w=400,83,이그제큐티브
84,https://images.unsplash.com/photo-1584132915807-fd1f5fbc078f?crop=entropy&cs=tinysrgb&fit=max&fm=jpg&ixid=MnwyNjY4NDl8MHwxfHNlYXJjaHw3Nnx8aG90ZWx8ZW58MHx8fHwxNjM1OTM4MDM4&ixlib=rb-1.2.1&q=80&w=400,84,스위트
85,https://images.unsplash.com/photo-1561049933-c7762dbc757e?crop=entropy&cs=tinysrgb&fit=max&fm=jpg&ixid=MnwyNjY4NDl8MHwxfHNlYXJjaHw3OXx8aG90ZWx8ZW58MHx8fHwxNjM1OTM4MDM4&ixlib=rb-1.2.1&q=80&w=400,85,스탠다드
86,https://images.unsplash.com/photo-1566195992011-5f6b21e539aa?crop=entropy&cs=tinysrgb&fit=max&fm=jpg&ixid=MnwyNjY4NDl8MHwxfHNlYXJjaHw2NXx8aG90ZWx8ZW58MHx8fHwxNjM1OTM4MDU1&ixlib=rb-1.2.1&q=80&w=400,86,디럭스
87,https://images.unsplash.com/photo-1522771739844-6a9f6d5f14af?crop=entropy&cs=tinysrgb&fit=max&fm=jpg&ixid=MnwyNjY4NDl8MHwxfHNlYXJjaHw2Nnx8aG90ZWx8ZW58MHx8fHwxNjM1OTM4MDU1&ixlib=rb-1.2.1&q=80&w=400,87,이그제큐티브
88,https://images.unsplash.com/photo-1561049933-c8fbef47b329?crop=entropy&cs=tinysrgb&fit=max&fm=jpg&ixid=MnwyNjY4NDl8MHwxfHNlYXJjaHw2N3x8aG90ZWx8ZW58MHx8fHwxNjM1OTM4MDU1&ixlib=rb-1.2.1&q=80&w=400,88,스위트
89,https://images.unsplash.com/photo-1486591038957-19e7c73bdc41?crop=entropy&cs=tinysrgb&fit=max&fm=jpg&ixid=MnwyNjY4NDl8MHwxfHNlYXJjaHw2OHx8aG90ZWx8ZW58MHx8fHwxNjM1OTM4MDU1&ixlib=rb-1.2.1&q=80&w=400,89,스탠다드
90,https://images.unsplash.com/photo-1578683010236-d716f9a3f461?crop=entropy&cs=tinysrgb&fit=max&fm=jpg&ixid=MnwyNjY4NDl8MHwxfHNlYXJjaHw1M3x8aG90ZWx8ZW58MHx8fHwxNjM1OTM4MDcy&ixlib=rb-1.2.1&q=80&w=400,90,디럭스
91,https://images.unsplash.com/photo-1574643156929-51fa098b0394?crop=entropy&cs=tinysrgb&fit=max&fm=jpg&ixid=MnwyNjY4NDl8MHwxfHNlYXJjaHw1NHx8aG90ZWx8ZW58MHx8fHwxNjM1OTM4MDcy&ixlib=rb-1.2.1&q=80&w=400,91,이그제큐티브
92,https://images.unsplash.com/photo-1629140727571-9b5c6f6267b4?crop=entropy&cs=tinysrgb&fit=max&fm=jpg&ixid=MnwyNjY4NDl8MHwxfHNlYXJjaHw1NXx8aG90ZWx8ZW58MHx8fHwxNjM1OTM4MDcy&ixlib=rb-1.2.1&q=80&w=400,92,스위트
93,https://images.unsplash.com/photo-1559508551-44bff1de756b?crop=entropy&cs=tinysrgb&fit=max&fm=jpg&ixid=MnwyNjY4NDl8MHwxfHNlYXJjaHw1Nnx8aG90ZWx8ZW58MHx8fHwxNjM1OTM4MDcy&ixlib=rb-1.2.1&q=80&w=400,93,스탠다드
94,https://images.unsplash.com/photo-1592229505726-ca121723b8ef?crop=entropy&cs=tinysrgb&fit=max&fm=jpg&ixid=MnwyNjY4NDl8MHwxfHNlYXJjaHw3MHx8aG90ZWx8ZW58MHx8fHwxNjM1OTM4MDU1&ixlib=rb-1.2.1&q=80&w=400,94,디럭스
95,https://images.unsplash.com/photo-1512918728675-ed5a9ecdebfd?crop=entropy&cs=tinysrgb&fit=max&fm=jpg&ixid=MnwyNjY4NDl8MHwxfHNlYXJjaHwzM3x8aG90ZWx8ZW58MHx8fHwxNjM1OTM4MTY4&ixlib=rb-1.2.1&q=80&w=400,95,이그제큐티브
96,https://images.unsplash.com/photo-1611892440504-42a792e24d32?crop=entropy&cs=tinysrgb&fit=max&fm=jpg&ixid=MnwyNjY4NDl8MHwxfHNlYXJjaHwzNHx8aG90ZWx8ZW58MHx8fHwxNjM1OTM4MTY4&ixlib=rb-1.2.1&q=80&w=400,96,스위트
97,https://images.unsplash.com/photo-1572177215152-32f247303126?crop=entropy&cs=tinysrgb&fit=max&fm=jpg&ixid=MnwyNjY4NDl8MHwxfHNlYXJjaHw5MXx8aG90ZWx8ZW58MHx8fHwxNjM1OTM3OTYz&ixlib=rb-1.2.1&q=80&w=400,97,스탠다드
98,https://images.unsplash.com/photo-1568495248636-6432b97bd949?crop=entropy&cs=tinysrgb&fit=max&fm=jpg&ixid=MnwyNjY4NDl8MHwxfHNlYXJjaHw5Mnx8aG90ZWx8ZW58MHx8fHwxNjM1OTM3OTYz&ixlib=rb-1.2.1&q=80&w=400,98,디럭스
99,https://images.unsplash.com/photo-1558976825-6b1b03a03719?crop=entropy&cs=tinysrgb&fit=max&fm=jpg&ixid=MnwyNjY4NDl8MHwxfHNlYXJjaHw5Nnx8aG90ZWx8ZW58MHx8fHwxNjM1OTM3OTYz&ixlib=rb-1.2.1&q=80&w=400,99,이그제큐티브
100,https://images.unsplash.com/photo-1561049933-f8b4f520ca32?crop=entropy&cs=tinysrgb&fit=max&fm=jpg&ixid=MnwyNjY4NDl8MHwxfHNlYXJjaHw4MXx8aG90ZWx8ZW58MHx8fHwxNjM1OTM4MDEy&ixlib=rb-1.2.1&q=80&w=400,100,스위트
101,https://images.unsplash.com/photo-1584132905271-512c958d674a?crop=entropy&cs=tinysrgb&fit=max&fm=jpg&ixid=MnwyNjY4NDl8MHwxfHNlYXJjaHw3Mnx8aG90ZWx8ZW58MHx8fHwxNjM1OTM4MDM4&ixlib=rb-1.2.1&q=80&w=400,101,스탠다드
102,https://images.unsplash.com/photo-1582719478250-c89cae4dc85b?crop=entropy&cs=tinysrgb&fit=max&fm=jpg&ixid=MnwyNjY4NDl8MHwxfHNlYXJjaHw3NHx8aG90ZWx8ZW58MHx8fHwxNjM1OTM4MDM4&ixlib=rb-1.2.1&q=80&w=400,102,디럭스
103,https://images.unsplash.com/photo-1584132915807-fd1f5fbc078f?crop=entropy&cs=tinysrgb&fit=max&fm=jpg&ixid=MnwyNjY4NDl8MHwxfHNlYXJjaHw3Nnx8aG90ZWx8ZW58MHx8fHwxNjM1OTM4MDM4&ixlib=rb-1.2.1&q=80&w=400,103,이그제큐티브
104,https://images.unsplash.com/photo-1561049933-c7762dbc757e?crop=entropy&cs=tinysrgb&fit=max&fm=jpg&ixid=MnwyNjY4NDl8MHwxfHNlYXJjaHw3OXx8aG90ZWx8ZW58MHx8fHwxNjM1OTM4MDM4&ixlib=rb-1.2.1&q=80&w=400,104,스위트
105,https://images.unsplash.com/photo-1566195992011-5f6b21e539aa?crop=entropy&cs=tinysrgb&fit=max&fm=jpg&ixid=MnwyNjY4NDl8MHwxfHNlYXJjaHw2NXx8aG90ZWx8ZW58MHx8fHwxNjM1OTM4MDU1&ixlib=rb-1.2.1&q=80&w=400,105,스탠다드
106,https://images.unsplash.com/photo-1522771739844-6a9f6d5f14af?crop=entropy&cs=tinysrgb&fit=max&fm=jpg&ixid=MnwyNjY4NDl8MHwxfHNlYXJjaHw2Nnx8aG90ZWx8ZW58MHx8fHwxNjM1OTM4MDU1&ixlib=rb-1.2.1&q=80&w=400,106,디럭스
107,https://images.unsplash.com/photo-1561049933-c8fbef47b329?crop=entropy&cs=tinysrgb&fit=max&fm=jpg&ixid=MnwyNjY4NDl8MHwxfHNlYXJjaHw2N3x8aG90ZWx8ZW58MHx8fHwxNjM1OTM4MDU1&ixlib=rb-1.2.1&q=80&w=400,107,이그제큐티브
108,https://images.unsplash.com/photo-1486591038957-19e7c73bdc41?crop=entropy&cs=tinysrgb&fit=max&fm=jpg&ixid=MnwyNjY4NDl8MHwxfHNlYXJjaHw2OHx8aG90ZWx8ZW58MHx8fHwxNjM1OTM4MDU1&ixlib=rb-1.2.1&q=80&w=400,108,스위트
109,https://images.unsplash.com/photo-1578683010236-d716f9a3f461?crop=entropy&cs=tinysrgb&fit=max&fm=jpg&ixid=MnwyNjY4NDl8MHwxfHNlYXJjaHw1M3x8aG90ZWx8ZW58MHx8fHwxNjM1OTM4MDcy&ixlib=rb-1.2.1&q=80&w=400,109,스탠다드
110,https://images.unsplash.com/photo-1574643156929-51fa098b0394?crop=entropy&cs=tinysrgb&fit=max&fm=jpg&ixid=MnwyNjY4NDl8MHwxfHNlYXJjaHw1NHx8aG90ZWx8ZW58MHx8fHwxNjM1OTM4MDcy&ixlib=rb-1.2.1&q=80&w=400,110,디럭스
111,https://images.unsplash.com/photo-1629140727571-9b5c6f6267b4?crop=entropy&cs=tinysrgb&fit=max&fm=jpg&ixid=MnwyNjY4NDl8MHwxfHNlYXJjaHw1NXx8aG90ZWx8ZW58MHx8fHwxNjM1OTM4MDcy&ixlib=rb-1.2.1&q=80&w=400,111,이그제큐티브
112,https://images.unsplash.com/photo-1559508551-44bff1de756b?crop=entropy&cs=tinysrgb&fit=max&fm=jpg&ixid=MnwyNjY4NDl8MHwxfHNlYXJjaHw1Nnx8aG90ZWx8ZW58MHx8fHwxNjM1OTM4MDcy&ixlib=rb-1.2.1&q=80&w=400,112,스위트
113,https://images.unsplash.com/photo-1592229505726-ca121723b8ef?crop=entropy&cs=tinysrgb&fit=max&fm=jpg&ixid=MnwyNjY4NDl8MHwxfHNlYXJjaHw3MHx8aG90ZWx8ZW58MHx8fHwxNjM1OTM4MDU1&ixlib=rb-1.2.1&q=80&w=400,113,스탠다드
114,https://images.unsplash.com/photo-1512918728675-ed5a9ecdebfd?crop=entropy&cs=tinysrgb&fit=max&fm=jpg&ixid=MnwyNjY4NDl8MHwxfHNlYXJjaHwzM3x8aG90ZWx8ZW58MHx8fHwxNjM1OTM4MTY4&ixlib=rb-1.2.1&q=80&w=400,114,디럭스
115,https://images.unsplash.com/photo-1611892440504-42a792e24d32?crop=entropy&cs=tinysrgb&fit=max&fm=jpg&ixid=MnwyNjY4NDl8MHwxfHNlYXJjaHwzNHx8aG90ZWx8ZW58MHx8fHwxNjM1OTM4MTY4&ixlib=rb-1.2.1&q=80&w=400,115,이그제큐티브
116,https://images.unsplash.com/photo-1572177215152-32f247303126?crop=entropy&cs=tinysrgb&fit=max&fm=jpg&ixid=MnwyNjY4NDl8MHwxfHNlYXJjaHw5MXx8aG90ZWx8ZW58MHx8fHwxNjM1OTM3OTYz&ixlib=rb-1.2.1&q=80&w=400,116,스위트
117,https://images.unsplash.com/photo-1568495248636-6432b97bd949?crop=entropy&cs=tinysrgb&fit=max&fm=jpg&ixid=MnwyNjY4NDl8MHwxfHNlYXJjaHw5Mnx8aG90ZWx8ZW58MHx8fHwxNjM1OTM3OTYz&ixlib=rb-1.2.1&q=80&w=400,117,스탠다드
118,https://images.unsplash.com/photo-1558976825-6b1b03a03719?crop=entropy&cs=tinysrgb&fit=max&fm=jpg&ixid=MnwyNjY4NDl8MHwxfHNlYXJjaHw5Nnx8aG90ZWx8ZW58MHx8fHwxNjM1OTM3OTYz&ixlib=rb-1.2.1&q=80&w=400,118,디럭스
119,https://images.unsplash.com/photo-1561049933-f8b4f520ca32?crop=entropy&cs=tinysrgb&fit=max&fm=jpg&ixid=MnwyNjY4NDl8MHwxfHNlYXJjaHw4MXx8aG90ZWx8ZW58MHx8fHwxNjM1OTM4MDEy&ixlib=rb-1.2.1&q=80&w=400,119,이그제큐티브
120,https://images.unsplash.com/photo-1584132905271-512c958d674a?crop=entropy&cs=tinysrgb&fit=max&fm=jpg&ixid=MnwyNjY4NDl8MHwxfHNlYXJjaHw3Mnx8aG90ZWx8ZW58MHx8fHwxNjM1OTM4MDM4&ixlib=rb-1.2.1&q=80&w=400,120,스위트
121,https://images.unsplash.com/photo-1582719478250-c89cae4dc85b?crop=entropy&cs=tinysrgb&fit=max&fm=jpg&ixid=MnwyNjY4NDl8MHwxfHNlYXJjaHw3NHx8aG90ZWx8ZW58MHx8fHwxNjM1OTM4MDM4&ixlib=rb-1.2.1&q=80&w=400,121,스탠다드
122,https://images.unsplash.com/photo-1584132915807-fd1f5fbc078f?crop=entropy&cs=tinysrgb&fit=max&fm=jpg&ixid=MnwyNjY4NDl8MHwxfHNlYXJjaHw3Nnx8aG90ZWx8ZW58MHx8fHwxNjM1OTM4MDM4&ixlib=rb-1.2.1&q=80&w=400,122,디럭스
123,https://images.unsplash.com/photo-1561049933-c7762dbc757e?crop=entropy&cs=tinysrgb&fit=max&fm=jpg&ixid=MnwyNjY4NDl8MHwxfHNlYXJjaHw3OXx8aG90ZWx8ZW58MHx8fHwxNjM1OTM4MDM4&ixlib=rb-1.2.1&q=80&w=400,123,이그제큐티브
124,https://images.unsplash.com/photo-1566195992011-5f6b21e539aa?crop=entropy&cs=tinysrgb&fit=max&fm=jpg&ixid=MnwyNjY4NDl8MHwxfHNlYXJjaHw2NXx8aG90ZWx8ZW58MHx8fHwxNjM1OTM4MDU1&ixlib=rb-1.2.1&q=80&w=400,124,스위트
125,https://images.unsplash.com/photo-1522771739844-6a9f6d5f14af?crop=entropy&cs=tinysrgb&fit=max&fm=jpg&ixid=MnwyNjY4NDl8MHwxfHNlYXJjaHw2Nnx8aG90ZWx8ZW58MHx8fHwxNjM1OTM4MDU1&ixlib=rb-1.2.1&q=80&w=400,125,스탠다드
126,https://images.unsplash.com/photo-1561049933-c8fbef47b329?crop=entropy&cs=tinysrgb&fit=max&fm=jpg&ixid=MnwyNjY4NDl8MHwxfHNlYXJjaHw2N3x8aG90ZWx8ZW58MHx8fHwxNjM1OTM4MDU1&ixlib=rb-1.2.1&q=80&w=400,126,디럭스
127,https://images.unsplash.com/photo-1486591038957-19e7c73bdc41?crop=entropy&cs=tinysrgb&fit=max&fm=jpg&ixid=MnwyNjY4NDl8MHwxfHNlYXJjaHw2OHx8aG90ZWx8ZW58MHx8fHwxNjM1OTM4MDU1&ixlib=rb-1.2.1&q=80&w=400,127,이그제큐티브
128,https://images.unsplash.com/photo-1578683010236-d716f9a3f461?crop=entropy&cs=tinysrgb&fit=max&fm=jpg&ixid=MnwyNjY4NDl8MHwxfHNlYXJjaHw1M3x8aG90ZWx8ZW58MHx8fHwxNjM1OTM4MDcy&ixlib=rb-1.2.1&q=80&w=400,128,스위트
129,https://images.unsplash.com/photo-1574643156929-51fa098b0394?crop=entropy&cs=tinysrgb&fit=max&fm=jpg&ixid=MnwyNjY4NDl8MHwxfHNlYXJjaHw1NHx8aG90ZWx8ZW58MHx8fHwxNjM1OTM4MDcy&ixlib=rb-1.2.1&q=80&w=400,129,스탠다드
130,https://images.unsplash.com/photo-1629140727571-9b5c6f6267b4?crop=entropy&cs=tinysrgb&fit=max&fm=jpg&ixid=MnwyNjY4NDl8MHwxfHNlYXJjaHw1NXx8aG90ZWx8ZW58MHx8fHwxNjM1OTM4MDcy&ixlib=rb-1.2.1&q=80&w=400,130,디럭스
131,https://images.unsplash.com/photo-1559508551-44bff1de756b?crop=entropy&cs=tinysrgb&fit=max&fm=jpg&ixid=MnwyNjY4NDl8MHwxfHNlYXJjaHw1Nnx8aG90ZWx8ZW58MHx8fHwxNjM1OTM4MDcy&ixlib=rb-1.2.1&q=80&w=400,131,이그제큐티브
132,https://images.unsplash.com/photo-1592229505726-ca121723b8ef?crop=entropy&cs=tinysrgb&fit=max&fm=jpg&ixid=MnwyNjY4NDl8MHwxfHNlYXJjaHw3MHx8aG90ZWx8ZW58MHx8fHwxNjM1OTM4MDU1&ixlib=rb-1.2.1&q=80&w=400,132,스위트
133,https://images.unsplash.com/photo-1512918728675-ed5a9ecdebfd?crop=entropy&cs=tinysrgb&fit=max&fm=jpg&ixid=MnwyNjY4NDl8MHwxfHNlYXJjaHwzM3x8aG90ZWx8ZW58MHx8fHwxNjM1OTM4MTY4&ixlib=rb-1.2.1&q=80&w=400,133,스탠다드
134,https://images.unsplash.com/photo-1611892440504-42a792e24d32?crop=entropy&cs=tinysrgb&fit=max&fm=jpg&ixid=MnwyNjY4NDl8MHwxfHNlYXJjaHwzNHx8aG90ZWx8ZW58MHx8fHwxNjM1OTM4MTY4&ixlib=rb-1.2.1&q=80&w=400,134,디럭스
135,https://images.unsplash.com/photo-1572177215152-32f247303126?crop=entropy&cs=tinysrgb&fit=max&fm=jpg&ixid=MnwyNjY4NDl8MHwxfHNlYXJjaHw5MXx8aG90ZWx8ZW58MHx8fHwxNjM1OTM3OTYz&ixlib=rb-1.2.1&q=80&w=400,135,이그제큐티브
136,https://images.unsplash.com/photo-1568495248636-6432b97bd949?crop=entropy&cs=tinysrgb&fit=max&fm=jpg&ixid=MnwyNjY4NDl8MHwxfHNlYXJjaHw5Mnx8aG90ZWx8ZW58MHx8fHwxNjM1OTM3OTYz&ixlib=rb-1.2.1&q=80&w=400,136,스위트
137,https://images.unsplash.com/photo-1558976825-6b1b03a03719?crop=entropy&cs=tinysrgb&fit=max&fm=jpg&ixid=MnwyNjY4NDl8MHwxfHNlYXJjaHw5Nnx8aG90ZWx8ZW58MHx8fHwxNjM1OTM3OTYz&ixlib=rb-1.2.1&q=80&w=400,137,스탠다드
138,https://images.unsplash.com/photo-1561049933-f8b4f520ca32?crop=entropy&cs=tinysrgb&fit=max&fm=jpg&ixid=MnwyNjY4NDl8MHwxfHNlYXJjaHw4MXx8aG90ZWx8ZW58MHx8fHwxNjM1OTM4MDEy&ixlib=rb-1.2.1&q=80&w=400,138,디럭스
139,https://images.unsplash.com/photo-1584132905271-512c958d674a?crop=entropy&cs=tinysrgb&fit=max&fm=jpg&ixid=MnwyNjY4NDl8MHwxfHNlYXJjaHw3Mnx8aG90ZWx8ZW58MHx8fHwxNjM1OTM4MDM4&ixlib=rb-1.2.1&q=80&w=400,139,이그제큐티브
140,https://images.unsplash.com/photo-1582719478250-c89cae4dc85b?crop=entropy&cs=tinysrgb&fit=max&fm=jpg&ixid=MnwyNjY4NDl8MHwxfHNlYXJjaHw3NHx8aG90ZWx8ZW58MHx8fHwxNjM1OTM4MDM4&ixlib=rb-1.2.1&q=80&w=400,140,스위트
141,https://images.unsplash.com/photo-1584132915807-fd1f5fbc078f?crop=entropy&cs=tinysrgb&fit=max&fm=jpg&ixid=MnwyNjY4NDl8MHwxfHNlYXJjaHw3Nnx8aG90ZWx8ZW58MHx8fHwxNjM1OTM4MDM4&ixlib=rb-1.2.1&q=80&w=400,141,스탠다드
142,https://images.unsplash.com/photo-1561049933-c7762dbc757e?crop=entropy&cs=tinysrgb&fit=max&fm=jpg&ixid=MnwyNjY4NDl8MHwxfHNlYXJjaHw3OXx8aG90ZWx8ZW58MHx8fHwxNjM1OTM4MDM4&ixlib=rb-1.2.1&q=80&w=400,142,디럭스
143,https://images.unsplash.com/photo-1566195992011-5f6b21e539aa?crop=entropy&cs=tinysrgb&fit=max&fm=jpg&ixid=MnwyNjY4NDl8MHwxfHNlYXJjaHw2NXx8aG90ZWx8ZW58MHx8fHwxNjM1OTM4MDU1&ixlib=rb-1.2.1&q=80&w=400,143,이그제큐티브
144,https://images.unsplash.com/photo-1522771739844-6a9f6d5f14af?crop=entropy&cs=tinysrgb&fit=max&fm=jpg&ixid=MnwyNjY4NDl8MHwxfHNlYXJjaHw2Nnx8aG90ZWx8ZW58MHx8fHwxNjM1OTM4MDU1&ixlib=rb-1.2.1&q=80&w=400,144,스위트
145,https://images.unsplash.com/photo-1561049933-c8fbef47b329?crop=entropy&cs=tinysrgb&fit=max&fm=jpg&ixid=MnwyNjY4NDl8MHwxfHNlYXJjaHw2N3x8aG90ZWx8ZW58MHx8fHwxNjM1OTM4MDU1&ixlib=rb-1.2.1&q=80&w=400,145,스탠다드
146,https://images.unsplash.com/photo-1486591038957-19e7c73bdc41?crop=entropy&cs=tinysrgb&fit=max&fm=jpg&ixid=MnwyNjY4NDl8MHwxfHNlYXJjaHw2OHx8aG90ZWx8ZW58MHx8fHwxNjM1OTM4MDU1&ixlib=rb-1.2.1&q=80&w=400,146,디럭스
147,https://images.unsplash.com/photo-1578683010236-d716f9a3f461?crop=entropy&cs=tinysrgb&fit=max&fm=jpg&ixid=MnwyNjY4NDl8MHwxfHNlYXJjaHw1M3x8aG90ZWx8ZW58MHx8fHwxNjM1OTM4MDcy&ixlib=rb-1.2.1&q=80&w=400,147,이그제큐티브
148,https://images.unsplash.com/photo-1574643156929-51fa098b0394?crop=entropy&cs=tinysrgb&fit=max&fm=jpg&ixid=MnwyNjY4NDl8MHwxfHNlYXJjaHw1NHx8aG90ZWx8ZW58MHx8fHwxNjM1OTM4MDcy&ixlib=rb-1.2.1&q=80&w=400,148,스위트
149,https://images.unsplash.com/photo-1629140727571-9b5c6f6267b4?crop=entropy&cs=tinysrgb&fit=max&fm=jpg&ixid=MnwyNjY4NDl8MHwxfHNlYXJjaHw1NXx8aG90ZWx8ZW58MHx8fHwxNjM1OTM4MDcy&ixlib=rb-1.2.1&q=80&w=400,149,스탠다드
150,https://images.unsplash.com/photo-1559508551-44bff1de756b?crop=entropy&cs=tinysrgb&fit=max&fm=jpg&ixid=MnwyNjY4NDl8MHwxfHNlYXJjaHw1Nnx8aG90ZWx8ZW58MHx8fHwxNjM1OTM4MDcy&ixlib=rb-1.2.1&q=80&w=400,150,디럭스
151,https://images.unsplash.com/photo-1592229505726-ca121723b8ef?crop=entropy&cs=tinysrgb&fit=max&fm=jpg&ixid=MnwyNjY4NDl8MHwxfHNlYXJjaHw3MHx8aG90ZWx8ZW58MHx8fHwxNjM1OTM4MDU1&ixlib=rb-1.2.1&q=80&w=400,151,이그제큐티브
152,https://images.unsplash.com/photo-1512918728675-ed5a9ecdebfd?crop=entropy&cs=tinysrgb&fit=max&fm=jpg&ixid=MnwyNjY4NDl8MHwxfHNlYXJjaHwzM3x8aG90ZWx8ZW58MHx8fHwxNjM1OTM4MTY4&ixlib=rb-1.2.1&q=80&w=400,152,스위트
153,https://images.unsplash.com/photo-1611892440504-42a792e24d32?crop=entropy&cs=tinysrgb&fit=max&fm=jpg&ixid=MnwyNjY4NDl8MHwxfHNlYXJjaHwzNHx8aG90ZWx8ZW58MHx8fHwxNjM1OTM4MTY4&ixlib=rb-1.2.1&q=80&w=400,153,스탠다드
154,https://images.unsplash.com/photo-1572177215152-32f247303126?crop=entropy&cs=tinysrgb&fit=max&fm=jpg&ixid=MnwyNjY4NDl8MHwxfHNlYXJjaHw5MXx8aG90ZWx8ZW58MHx8fHwxNjM1OTM3OTYz&ixlib=rb-1.2.1&q=80&w=400,154,디럭스
155,https://images.unsplash.com/photo-1568495248636-6432b97bd949?crop=entropy&cs=tinysrgb&fit=max&fm=jpg&ixid=MnwyNjY4NDl8MHwxfHNlYXJjaHw5Mnx8aG90ZWx8ZW58MHx8fHwxNjM1OTM3OTYz&ixlib=rb-1.2.1&q=80&w=400,155,이그제큐티브
156,https://images.unsplash.com/photo-1558976825-6b1b03a03719?crop=entropy&cs=tinysrgb&fit=max&fm=jpg&ixid=MnwyNjY4NDl8MHwxfHNlYXJjaHw5Nnx8aG90ZWx8ZW58MHx8fHwxNjM1OTM3OTYz&ixlib=rb-1.2.1&q=80&w=400,156,스위트
157,https://images.unsplash.com/photo-1561049933-f8b4f520ca32?crop=entropy&cs=tinysrgb&fit=max&fm=jpg&ixid=MnwyNjY4NDl8MHwxfHNlYXJjaHw4MXx8aG90ZWx8ZW58MHx8fHwxNjM1OTM4MDEy&ixlib=rb-1.2.1&q=80&w=400,157,스탠다드
158,https://images.unsplash.com/photo-1584132905271-512c958d674a?crop=entropy&cs=tinysrgb&fit=max&fm=jpg&ixid=MnwyNjY4NDl8MHwxfHNlYXJjaHw3Mnx8aG90ZWx8ZW58MHx8fHwxNjM1OTM4MDM4&ixlib=rb-1.2.1&q=80&w=400,158,디럭스
159,https://images.unsplash.com/photo-1582719478250-c89cae4dc85b?crop=entropy&cs=tinysrgb&fit=max&fm=jpg&ixid=MnwyNjY4NDl8MHwxfHNlYXJjaHw3NHx8aG90ZWx8ZW58MHx8fHwxNjM1OTM4MDM4&ixlib=rb-1.2.1&q=80&w=400,159,이그제큐티브
160,https://images.unsplash.com/photo-1584132915807-fd1f5fbc078f?crop=entropy&cs=tinysrgb&fit=max&fm=jpg&ixid=MnwyNjY4NDl8MHwxfHNlYXJjaHw3Nnx8aG90ZWx8ZW58MHx8fHwxNjM1OTM4MDM4&ixlib=rb-1.2.1&q=80&w=400,160,스위트
161,https://images.unsplash.com/photo-1561049933-c7762dbc757e?crop=entropy&cs=tinysrgb&fit=max&fm=jpg&ixid=MnwyNjY4NDl8MHwxfHNlYXJjaHw3OXx8aG90ZWx8ZW58MHx8fHwxNjM1OTM4MDM4&ixlib=rb-1.2.1&q=80&w=400,161,스탠다드
162,https://images.unsplash.com/photo-1566195992011-5f6b21e539aa?crop=entropy&cs=tinysrgb&fit=max&fm=jpg&ixid=MnwyNjY4NDl8MHwxfHNlYXJjaHw2NXx8aG90ZWx8ZW58MHx8fHwxNjM1OTM4MDU1&ixlib=rb-1.2.1&q=80&w=400,162,디럭스
163,https://images.unsplash.com/photo-1522771739844-6a9f6d5f14af?crop=entropy&cs=tinysrgb&fit=max&fm=jpg&ixid=MnwyNjY4NDl8MHwxfHNlYXJjaHw2Nnx8aG90ZWx8ZW58MHx8fHwxNjM1OTM4MDU1&ixlib=rb-1.2.1&q=80&w=400,163,이그제큐티브
164,https://images.unsplash.com/photo-1561049933-c8fbef47b329?crop=entropy&cs=tinysrgb&fit=max&fm=jpg&ixid=MnwyNjY4NDl8MHwxfHNlYXJjaHw2N3x8aG90ZWx8ZW58MHx8fHwxNjM1OTM4MDU1&ixlib=rb-1.2.1&q=80&w=400,164,스위트
165,https://images.unsplash.com/photo-1486591038957-19e7c73bdc41?crop=entropy&cs=tinysrgb&fit=max&fm=jpg&ixid=MnwyNjY4NDl8MHwxfHNlYXJjaHw2OHx8aG90ZWx8ZW58MHx8fHwxNjM1OTM4MDU1&ixlib=rb-1.2.1&q=80&w=400,165,스탠다드
166,https://images.unsplash.com/photo-1578683010236-d716f9a3f461?crop=entropy&cs=tinysrgb&fit=max&fm=jpg&ixid=MnwyNjY4NDl8MHwxfHNlYXJjaHw1M3x8aG90ZWx8ZW58MHx8fHwxNjM1OTM4MDcy&ixlib=rb-1.2.1&q=80&w=400,166,디럭스
167,https://images.unsplash.com/photo-1574643156929-51fa098b0394?crop=entropy&cs=tinysrgb&fit=max&fm=jpg&ixid=MnwyNjY4NDl8MHwxfHNlYXJjaHw1NHx8aG90ZWx8ZW58MHx8fHwxNjM1OTM4MDcy&ixlib=rb-1.2.1&q=80&w=400,167,이그제큐티브
168,https://images.unsplash.com/photo-1629140727571-9b5c6f6267b4?crop=entropy&cs=tinysrgb&fit=max&fm=jpg&ixid=MnwyNjY4NDl8MHwxfHNlYXJjaHw1NXx8aG90ZWx8ZW58MHx8fHwxNjM1OTM4MDcy&ixlib=rb-1.2.1&q=80&w=400,168,스위트
169,https://images.unsplash.com/photo-1559508551-44bff1de756b?crop=entropy&cs=tinysrgb&fit=max&fm=jpg&ixid=MnwyNjY4NDl8MHwxfHNlYXJjaHw1Nnx8aG90ZWx8ZW58MHx8fHwxNjM1OTM4MDcy&ixlib=rb-1.2.1&q=80&w=400,169,스탠다드
170,https://images.unsplash.com/photo-1592229505726-ca121723b8ef?crop=entropy&cs=tinysrgb&fit=max&fm=jpg&ixid=MnwyNjY4NDl8MHwxfHNlYXJjaHw3MHx8aG90ZWx8ZW58MHx8fHwxNjM1OTM4MDU1&ixlib=rb-1.2.1&q=80&w=400,170,디럭스
171,https://images.unsplash.com/photo-1512918728675-ed5a9ecdebfd?crop=entropy&cs=tinysrgb&fit=max&fm=jpg&ixid=MnwyNjY4NDl8MHwxfHNlYXJjaHwzM3x8aG90ZWx8ZW58MHx8fHwxNjM1OTM4MTY4&ixlib=rb-1.2.1&q=80&w=400,171,이그제큐티브
172,https://images.unsplash.com/photo-1611892440504-42a792e24d32?crop=entropy&cs=tinysrgb&fit=max&fm=jpg&ixid=MnwyNjY4NDl8MHwxfHNlYXJjaHwzNHx8aG90ZWx8ZW58MHx8fHwxNjM1OTM4MTY4&ixlib=rb-1.2.1&q=80&w=400,172,스위트
173,https://images.unsplash.com/photo-1572177215152-32f247303126?crop=entropy&cs=tinysrgb&fit=max&fm=jpg&ixid=MnwyNjY4NDl8MHwxfHNlYXJjaHw5MXx8aG90ZWx8ZW58MHx8fHwxNjM1OTM3OTYz&ixlib=rb-1.2.1&q=80&w=400,173,스탠다드
174,https://images.unsplash.com/photo-1568495248636-6432b97bd949?crop=entropy&cs=tinysrgb&fit=max&fm=jpg&ixid=MnwyNjY4NDl8MHwxfHNlYXJjaHw5Mnx8aG90ZWx8ZW58MHx8fHwxNjM1OTM3OTYz&ixlib=rb-1.2.1&q=80&w=400,174,디럭스
175,https://images.unsplash.com/photo-1558976825-6b1b03a03719?crop=entropy&cs=tinysrgb&fit=max&fm=jpg&ixid=MnwyNjY4NDl8MHwxfHNlYXJjaHw5Nnx8aG90ZWx8ZW58MHx8fHwxNjM1OTM3OTYz&ixlib=rb-1.2.1&q=80&w=400,175,이그제큐티브
176,https://images.unsplash.com/photo-1561049933-f8b4f520ca32?crop=entropy&cs=tinysrgb&fit=max&fm=jpg&ixid=MnwyNjY4NDl8MHwxfHNlYXJjaHw4MXx8aG90ZWx8ZW58MHx8fHwxNjM1OTM4MDEy&ixlib=rb-1.2.1&q=80&w=400,176,스위트
177,https://images.unsplash.com/photo-1584132905271-512c958d674a?crop=entropy&cs=tinysrgb&fit=max&fm=jpg&ixid=MnwyNjY4NDl8MHwxfHNlYXJjaHw3Mnx8aG90ZWx8ZW58MHx8fHwxNjM1OTM4MDM4&ixlib=rb-1.2.1&q=80&w=400,177,스탠다드
178,https://images.unsplash.com/photo-1582719478250-c89cae4dc85b?crop=entropy&cs=tinysrgb&fit=max&fm=jpg&ixid=MnwyNjY4NDl8MHwxfHNlYXJjaHw3NHx8aG90ZWx8ZW58MHx8fHwxNjM1OTM4MDM4&ixlib=rb-1.2.1&q=80&w=400,178,디럭스
179,https://images.unsplash.com/photo-1584132915807-fd1f5fbc078f?crop=entropy&cs=tinysrgb&fit=max&fm=jpg&ixid=MnwyNjY4NDl8MHwxfHNlYXJjaHw3Nnx8aG90ZWx8ZW58MHx8fHwxNjM1OTM4MDM4&ixlib=rb-1.2.1&q=80&w=400,179,이그제큐티브
180,https://images.unsplash.com/photo-1561049933-c7762dbc757e?crop=entropy&cs=tinysrgb&fit=max&fm=jpg&ixid=MnwyNjY4NDl8MHwxfHNlYXJjaHw3OXx8aG90ZWx8ZW58MHx8fHwxNjM1OTM4MDM4&ixlib=rb-1.2.1&q=80&w=400,180,스위트
181,https://images.unsplash.com/photo-1566195992011-5f6b21e539aa?crop=entropy&cs=tinysrgb&fit=max&fm=jpg&ixid=MnwyNjY4NDl8MHwxfHNlYXJjaHw2NXx8aG90ZWx8ZW58MHx8fHwxNjM1OTM4MDU1&ixlib=rb-1.2.1&q=80&w=400,181,스탠다드
182,https://images.unsplash.com/photo-1522771739844-6a9f6d5f14af?crop=entropy&cs=tinysrgb&fit=max&fm=jpg&ixid=MnwyNjY4NDl8MHwxfHNlYXJjaHw2Nnx8aG90ZWx8ZW58MHx8fHwxNjM1OTM4MDU1&ixlib=rb-1.2.1&q=80&w=400,182,디럭스
183,https://images.unsplash.com/photo-1561049933-c8fbef47b329?crop=entropy&cs=tinysrgb&fit=max&fm=jpg&ixid=MnwyNjY4NDl8MHwxfHNlYXJjaHw2N3x8aG90ZWx8ZW58MHx8fHwxNjM1OTM4MDU1&ixlib=rb-1.2.1&q=80&w=400,183,이그제큐티브
184,https://images.unsplash.com/photo-1486591038957-19e7c73bdc41?crop=entropy&cs=tinysrgb&fit=max&fm=jpg&ixid=MnwyNjY4NDl8MHwxfHNlYXJjaHw2OHx8aG90ZWx8ZW58MHx8fHwxNjM1OTM4MDU1&ixlib=rb-1.2.1&q=80&w=400,184,스위트
185,https://images.unsplash.com/photo-1578683010236-d716f9a3f461?crop=entropy&cs=tinysrgb&fit=max&fm=jpg&ixid=MnwyNjY4NDl8MHwxfHNlYXJjaHw1M3x8aG90ZWx8ZW58MHx8fHwxNjM1OTM4MDcy&ixlib=rb-1.2.1&q=80&w=400,185,스탠다드
186,https://images.unsplash.com/photo-1574643156929-51fa098b0394?crop=entropy&cs=tinysrgb&fit=max&fm=jpg&ixid=MnwyNjY4NDl8MHwxfHNlYXJjaHw1NHx8aG90ZWx8ZW58MHx8fHwxNjM1OTM4MDcy&ixlib=rb-1.2.1&q=80&w=400,186,디럭스
187,https://images.unsplash.com/photo-1629140727571-9b5c6f6267b4?crop=entropy&cs=tinysrgb&fit=max&fm=jpg&ixid=MnwyNjY4NDl8MHwxfHNlYXJjaHw1NXx8aG90ZWx8ZW58MHx8fHwxNjM1OTM4MDcy&ixlib=rb-1.2.1&q=80&w=400,187,이그제큐티브
188,https://images.unsplash.com/photo-1559508551-44bff1de756b?crop=entropy&cs=tinysrgb&fit=max&fm=jpg&ixid=MnwyNjY4NDl8MHwxfHNlYXJjaHw1Nnx8aG90ZWx8ZW58MHx8fHwxNjM1OTM4MDcy&ixlib=rb-1.2.1&q=80&w=400,188,스위트
189,https://images.unsplash.com/photo-1592229505726-ca121723b8ef?crop=entropy&cs=tinysrgb&fit=max&fm=jpg&ixid=MnwyNjY4NDl8MHwxfHNlYXJjaHw3MHx8aG90ZWx8ZW58MHx8fHwxNjM1OTM4MDU1&ixlib=rb-1.2.1&q=80&w=400,189,스탠다드
190,https://images.unsplash.com/photo-1512918728675-ed5a9ecdebfd?crop=entropy&cs=tinysrgb&fit=max&fm=jpg&ixid=MnwyNjY4NDl8MHwxfHNlYXJjaHwzM3x8aG90ZWx8ZW58MHx8fHwxNjM1OTM4MTY4&ixlib=rb-1.2.1&q=80&w=400,190,디럭스
191,https://images.unsplash.com/photo-1611892440504-42a792e24d32?crop=entropy&cs=tinysrgb&fit=max&fm=jpg&ixid=MnwyNjY4NDl8MHwxfHNlYXJjaHwzNHx8aG90ZWx8ZW58MHx8fHwxNjM1OTM4MTY4&ixlib=rb-1.2.1&q=80&w=400,191,이그제큐티브
192,https://images.unsplash.com/photo-1572177215152-32f247303126?crop=entropy&cs=tinysrgb&fit=max&fm=jpg&ixid=MnwyNjY4NDl8MHwxfHNlYXJjaHw5MXx8aG90ZWx8ZW58MHx8fHwxNjM1OTM3OTYz&ixlib=rb-1.2.1&q=80&w=400,192,스위트
193,https://images.unsplash.com/photo-1568495248636-6432b97bd949?crop=entropy&cs=tinysrgb&fit=max&fm=jpg&ixid=MnwyNjY4NDl8MHwxfHNlYXJjaHw5Mnx8aG90ZWx8ZW58MHx8fHwxNjM1OTM3OTYz&ixlib=rb-1.2.1&q=80&w=400,193,스탠다드
194,https://images.unsplash.com/photo-1558976825-6b1b03a03719?crop=entropy&cs=tinysrgb&fit=max&fm=jpg&ixid=MnwyNjY4NDl8MHwxfHNlYXJjaHw5Nnx8aG90ZWx8ZW58MHx8fHwxNjM1OTM3OTYz&ixlib=rb-1.2.1&q=80&w=400,194,디럭스
195,https://images.unsplash.com/photo-1561049933-f8b4f520ca32?crop=entropy&cs=tinysrgb&fit=max&fm=jpg&ixid=MnwyNjY4NDl8MHwxfHNlYXJjaHw4MXx8aG90ZWx8ZW58MHx8fHwxNjM1OTM4MDEy&ixlib=rb-1.2.1&q=80&w=400,195,이그제큐티브
196,https://images.unsplash.com/photo-1584132905271-512c958d674a?crop=entropy&cs=tinysrgb&fit=max&fm=jpg&ixid=MnwyNjY4NDl8MHwxfHNlYXJjaHw3Mnx8aG90ZWx8ZW58MHx8fHwxNjM1OTM4MDM4&ixlib=rb-1.2.1&q=80&w=400,196,스위트
197,https://images.unsplash.com/photo-1582719478250-c89cae4dc85b?crop=entropy&cs=tinysrgb&fit=max&fm=jpg&ixid=MnwyNjY4NDl8MHwxfHNlYXJjaHw3NHx8aG90ZWx8ZW58MHx8fHwxNjM1OTM4MDM4&ixlib=rb-1.2.1&q=80&w=400,197,스탠다드
198,https://images.unsplash.com/photo-1584132915807-fd1f5fbc078f?crop=entropy&cs=tinysrgb&fit=max&fm=jpg&ixid=MnwyNjY4NDl8MHwxfHNlYXJjaHw3Nnx8aG90ZWx8ZW58MHx8fHwxNjM1OTM4MDM4&ixlib=rb-1.2.1&q=80&w=400,198,디럭스
199,https://images.unsplash.com/photo-1561049933-c7762dbc757e?crop=entropy&cs=tinysrgb&fit=max&fm=jpg&ixid=MnwyNjY4NDl8MHwxfHNlYXJjaHw3OXx8aG90ZWx8ZW58MHx8fHwxNjM1OTM4MDM4&ixlib=rb-1.2.1&q=80&w=400,199,이그제큐티브
200,https://images.unsplash.com/photo-1566195992011-5f6b21e539aa?crop=entropy&cs=tinysrgb&fit=max&fm=jpg&ixid=MnwyNjY4NDl8MHwxfHNlYXJjaHw2NXx8aG90ZWx8ZW58MHx8fHwxNjM1OTM4MDU1&ixlib=rb-1.2.1&q=80&w=400,200,스위트
201,https://images.unsplash.com/photo-1522771739844-6a9f6d5f14af?crop=entropy&cs=tinysrgb&fit=max&fm=jpg&ixid=MnwyNjY4NDl8MHwxfHNlYXJjaHw2Nnx8aG90ZWx8ZW58MHx8fHwxNjM1OTM4MDU1&ixlib=rb-1.2.1&q=80&w=400,201,스탠다드
202,https://images.unsplash.com/photo-1561049933-c8fbef47b329?crop=entropy&cs=tinysrgb&fit=max&fm=jpg&ixid=MnwyNjY4NDl8MHwxfHNlYXJjaHw2N3x8aG90ZWx8ZW58MHx8fHwxNjM1OTM4MDU1&ixlib=rb-1.2.1&q=80&w=400,202,디럭스
203,https://images.unsplash.com/photo-1486591038957-19e7c73bdc41?crop=entropy&cs=tinysrgb&fit=max&fm=jpg&ixid=MnwyNjY4NDl8MHwxfHNlYXJjaHw2OHx8aG90ZWx8ZW58MHx8fHwxNjM1OTM4MDU1&ixlib=rb-1.2.1&q=80&w=400,203,이그제큐티브
204,https://images.unsplash.com/photo-1578683010236-d716f9a3f461?crop=entropy&cs=tinysrgb&fit=max&fm=jpg&ixid=MnwyNjY4NDl8MHwxfHNlYXJjaHw1M3x8aG90ZWx8ZW58MHx8fHwxNjM1OTM4MDcy&ixlib=rb-1.2.1&q=80&w=400,204,스위트
205,https://images.unsplash.com/photo-1574643156929-51fa098b0394?crop=entropy&cs=tinysrgb&fit=max&fm=jpg&ixid=MnwyNjY4NDl8MHwxfHNlYXJjaHw1NHx8aG90ZWx8ZW58MHx8fHwxNjM1OTM4MDcy&ixlib=rb-1.2.1&q=80&w=400,205,스탠다드
206,https://images.unsplash.com/photo-1629140727571-9b5c6f6267b4?crop=entropy&cs=tinysrgb&fit=max&fm=jpg&ixid=MnwyNjY4NDl8MHwxfHNlYXJjaHw1NXx8aG90ZWx8ZW58MHx8fHwxNjM1OTM4MDcy&ixlib=rb-1.2.1&q=80&w=400,206,디럭스
207,https://images.unsplash.com/photo-1559508551-44bff1de756b?crop=entropy&cs=tinysrgb&fit=max&fm=jpg&ixid=MnwyNjY4NDl8MHwxfHNlYXJjaHw1Nnx8aG90ZWx8ZW58MHx8fHwxNjM1OTM4MDcy&ixlib=rb-1.2.1&q=80&w=400,207,이그제큐티브
208,https://images.unsplash.com/photo-1592229505726-ca121723b8ef?crop=entropy&cs=tinysrgb&fit=max&fm=jpg&ixid=MnwyNjY4NDl8MHwxfHNlYXJjaHw3MHx8aG90ZWx8ZW58MHx8fHwxNjM1OTM4MDU1&ixlib=rb-1.2.1&q=80&w=400,208,스위트
209,https://images.unsplash.com/photo-1512918728675-ed5a9ecdebfd?crop=entropy&cs=tinysrgb&fit=max&fm=jpg&ixid=MnwyNjY4NDl8MHwxfHNlYXJjaHwzM3x8aG90ZWx8ZW58MHx8fHwxNjM1OTM4MTY4&ixlib=rb-1.2.1&q=80&w=400,209,스탠다드
210,https://images.unsplash.com/photo-1611892440504-42a792e24d32?crop=entropy&cs=tinysrgb&fit=max&fm=jpg&ixid=MnwyNjY4NDl8MHwxfHNlYXJjaHwzNHx8aG90ZWx8ZW58MHx8fHwxNjM1OTM4MTY4&ixlib=rb-1.2.1&q=80&w=400,210,디럭스
211,https://images.unsplash.com/photo-1572177215152-32f247303126?crop=entropy&cs=tinysrgb&fit=max&fm=jpg&ixid=MnwyNjY4NDl8MHwxfHNlYXJjaHw5MXx8aG90ZWx8ZW58MHx8fHwxNjM1OTM3OTYz&ixlib=rb-1.2.1&q=80&w=400,211,이그제큐티브
212,https://images.unsplash.com/photo-1568495248636-6432b97bd949?crop=entropy&cs=tinysrgb&fit=max&fm=jpg&ixid=MnwyNjY4NDl8MHwxfHNlYXJjaHw5Mnx8aG90ZWx8ZW58MHx8fHwxNjM1OTM3OTYz&ixlib=rb-1.2.1&q=80&w=400,212,스위트
213,https://images.unsplash.com/photo-1558976825-6b1b03a03719?crop=entropy&cs=tinysrgb&fit=max&fm=jpg&ixid=MnwyNjY4NDl8MHwxfHNlYXJjaHw5Nnx8aG90ZWx8ZW58MHx8fHwxNjM1OTM3OTYz&ixlib=rb-1.2.1&q=80&w=400,213,스탠다드
214,https://images.unsplash.com/photo-1561049933-f8b4f520ca32?crop=entropy&cs=tinysrgb&fit=max&fm=jpg&ixid=MnwyNjY4NDl8MHwxfHNlYXJjaHw4MXx8aG90ZWx8ZW58MHx8fHwxNjM1OTM4MDEy&ixlib=rb-1.2.1&q=80&w=400,214,디럭스
215,https://images.unsplash.com/photo-1584132905271-512c958d674a?crop=entropy&cs=tinysrgb&fit=max&fm=jpg&ixid=MnwyNjY4NDl8MHwxfHNlYXJjaHw3Mnx8aG90ZWx8ZW58MHx8fHwxNjM1OTM4MDM4&ixlib=rb-1.2.1&q=80&w=400,215,이그제큐티브
216,https://images.unsplash.com/photo-1582719478250-c89cae4dc85b?crop=entropy&cs=tinysrgb&fit=max&fm=jpg&ixid=MnwyNjY4NDl8MHwxfHNlYXJjaHw3NHx8aG90ZWx8ZW58MHx8fHwxNjM1OTM4MDM4&ixlib=rb-1.2.1&q=80&w=400,216,스위트
217,https://images.unsplash.com/photo-1584132915807-fd1f5fbc078f?crop=entropy&cs=tinysrgb&fit=max&fm=jpg&ixid=MnwyNjY4NDl8MHwxfHNlYXJjaHw3Nnx8aG90ZWx8ZW58MHx8fHwxNjM1OTM4MDM4&ixlib=rb-1.2.1&q=80&w=400,217,스탠다드
218,https://images.unsplash.com/photo-1561049933-c7762dbc757e?crop=entropy&cs=tinysrgb&fit=max&fm=jpg&ixid=MnwyNjY4NDl8MHwxfHNlYXJjaHw3OXx8aG90ZWx8ZW58MHx8fHwxNjM1OTM4MDM4&ixlib=rb-1.2.1&q=80&w=400,218,디럭스
219,https://images.unsplash.com/photo-1566195992011-5f6b21e539aa?crop=entropy&cs=tinysrgb&fit=max&fm=jpg&ixid=MnwyNjY4NDl8MHwxfHNlYXJjaHw2NXx8aG90ZWx8ZW58MHx8fHwxNjM1OTM4MDU1&ixlib=rb-1.2.1&q=80&w=400,219,이그제큐티브
220,https://images.unsplash.com/photo-1522771739844-6a9f6d5f14af?crop=entropy&cs=tinysrgb&fit=max&fm=jpg&ixid=MnwyNjY4NDl8MHwxfHNlYXJjaHw2Nnx8aG90ZWx8ZW58MHx8fHwxNjM1OTM4MDU1&ixlib=rb-1.2.1&q=80&w=400,220,스위트
221,https://images.unsplash.com/photo-1561049933-c8fbef47b329?crop=entropy&cs=tinysrgb&fit=max&fm=jpg&ixid=MnwyNjY4NDl8MHwxfHNlYXJjaHw2N3x8aG90ZWx8ZW58MHx8fHwxNjM1OTM4MDU1&ixlib=rb-1.2.1&q=80&w=400,221,스탠다드
222,https://images.unsplash.com/photo-1486591038957-19e7c73bdc41?crop=entropy&cs=tinysrgb&fit=max&fm=jpg&ixid=MnwyNjY4NDl8MHwxfHNlYXJjaHw2OHx8aG90ZWx8ZW58MHx8fHwxNjM1OTM4MDU1&ixlib=rb-1.2.1&q=80&w=400,222,디럭스
223,https://images.unsplash.com/photo-1578683010236-d716f9a3f461?crop=entropy&cs=tinysrgb&fit=max&fm=jpg&ixid=MnwyNjY4NDl8MHwxfHNlYXJjaHw1M3x8aG90ZWx8ZW58MHx8fHwxNjM1OTM4MDcy&ixlib=rb-1.2.1&q=80&w=400,223,이그제큐티브
224,https://images.unsplash.com/photo-1574643156929-51fa098b0394?crop=entropy&cs=tinysrgb&fit=max&fm=jpg&ixid=MnwyNjY4NDl8MHwxfHNlYXJjaHw1NHx8aG90ZWx8ZW58MHx8fHwxNjM1OTM4MDcy&ixlib=rb-1.2.1&q=80&w=400,224,스위트
225,https://images.unsplash.com/photo-1629140727571-9b5c6f6267b4?crop=entropy&cs=tinysrgb&fit=max&fm=jpg&ixid=MnwyNjY4NDl8MHwxfHNlYXJjaHw1NXx8aG90ZWx8ZW58MHx8fHwxNjM1OTM4MDcy&ixlib=rb-1.2.1&q=80&w=400,225,스탠다드
226,https://images.unsplash.com/photo-1559508551-44bff1de756b?crop=entropy&cs=tinysrgb&fit=max&fm=jpg&ixid=MnwyNjY4NDl8MHwxfHNlYXJjaHw1Nnx8aG90ZWx8ZW58MHx8fHwxNjM1OTM4MDcy&ixlib=rb-1.2.1&q=80&w=400,226,디럭스
227,https://images.unsplash.com/photo-1592229505726-ca121723b8ef?crop=entropy&cs=tinysrgb&fit=max&fm=jpg&ixid=MnwyNjY4NDl8MHwxfHNlYXJjaHw3MHx8aG90ZWx8ZW58MHx8fHwxNjM1OTM4MDU1&ixlib=rb-1.2.1&q=80&w=400,227,이그제큐티브
228,https://images.unsplash.com/photo-1512918728675-ed5a9ecdebfd?crop=entropy&cs=tinysrgb&fit=max&fm=jpg&ixid=MnwyNjY4NDl8MHwxfHNlYXJjaHwzM3x8aG90ZWx8ZW58MHx8fHwxNjM1OTM4MTY4&ixlib=rb-1.2.1&q=80&w=400,228,스위트
229,https://images.unsplash.com/photo-1611892440504-42a792e24d32?crop=entropy&cs=tinysrgb&fit=max&fm=jpg&ixid=MnwyNjY4NDl8MHwxfHNlYXJjaHwzNHx8aG90ZWx8ZW58MHx8fHwxNjM1OTM4MTY4&ixlib=rb-1.2.1&q=80&w=400,229,스탠다드
230,https://images.unsplash.com/photo-1572177215152-32f247303126?crop=entropy&cs=tinysrgb&fit=max&fm=jpg&ixid=MnwyNjY4NDl8MHwxfHNlYXJjaHw5MXx8aG90ZWx8ZW58MHx8fHwxNjM1OTM3OTYz&ixlib=rb-1.2.1&q=80&w=400,230,디럭스
231,https://images.unsplash.com/photo-1568495248636-6432b97bd949?crop=entropy&cs=tinysrgb&fit=max&fm=jpg&ixid=MnwyNjY4NDl8MHwxfHNlYXJjaHw5Mnx8aG90ZWx8ZW58MHx8fHwxNjM1OTM3OTYz&ixlib=rb-1.2.1&q=80&w=400,231,이그제큐티브
232,https://images.unsplash.com/photo-1558976825-6b1b03a03719?crop=entropy&cs=tinysrgb&fit=max&fm=jpg&ixid=MnwyNjY4NDl8MHwxfHNlYXJjaHw5Nnx8aG90ZWx8ZW58MHx8fHwxNjM1OTM3OTYz&ixlib=rb-1.2.1&q=80&w=400,232,스위트
233,https://images.unsplash.com/photo-1561049933-f8b4f520ca32?crop=entropy&cs=tinysrgb&fit=max&fm=jpg&ixid=MnwyNjY4NDl8MHwxfHNlYXJjaHw4MXx8aG90ZWx8ZW58MHx8fHwxNjM1OTM4MDEy&ixlib=rb-1.2.1&q=80&w=400,233,스탠다드
234,https://images.unsplash.com/photo-1584132905271-512c958d674a?crop=entropy&cs=tinysrgb&fit=max&fm=jpg&ixid=MnwyNjY4NDl8MHwxfHNlYXJjaHw3Mnx8aG90ZWx8ZW58MHx8fHwxNjM1OTM4MDM4&ixlib=rb-1.2.1&q=80&w=400,234,디럭스
235,https://images.unsplash.com/photo-1582719478250-c89cae4dc85b?crop=entropy&cs=tinysrgb&fit=max&fm=jpg&ixid=MnwyNjY4NDl8MHwxfHNlYXJjaHw3NHx8aG90ZWx8ZW58MHx8fHwxNjM1OTM4MDM4&ixlib=rb-1.2.1&q=80&w=400,235,이그제큐티브
236,https://images.unsplash.com/photo-1584132915807-fd1f5fbc078f?crop=entropy&cs=tinysrgb&fit=max&fm=jpg&ixid=MnwyNjY4NDl8MHwxfHNlYXJjaHw3Nnx8aG90ZWx8ZW58MHx8fHwxNjM1OTM4MDM4&ixlib=rb-1.2.1&q=80&w=400,236,스위트
237,https://images.unsplash.com/photo-1561049933-c7762dbc757e?crop=entropy&cs=tinysrgb&fit=max&fm=jpg&ixid=MnwyNjY4NDl8MHwxfHNlYXJjaHw3OXx8aG90ZWx8ZW58MHx8fHwxNjM1OTM4MDM4&ixlib=rb-1.2.1&q=80&w=400,237,스탠다드
238,https://images.unsplash.com/photo-1566195992011-5f6b21e539aa?crop=entropy&cs=tinysrgb&fit=max&fm=jpg&ixid=MnwyNjY4NDl8MHwxfHNlYXJjaHw2NXx8aG90ZWx8ZW58MHx8fHwxNjM1OTM4MDU1&ixlib=rb-1.2.1&q=80&w=400,238,디럭스
239,https://images.unsplash.com/photo-1522771739844-6a9f6d5f14af?crop=entropy&cs=tinysrgb&fit=max&fm=jpg&ixid=MnwyNjY4NDl8MHwxfHNlYXJjaHw2Nnx8aG90ZWx8ZW58MHx8fHwxNjM1OTM4MDU1&ixlib=rb-1.2.1&q=80&w=400,239,이그제큐티브
240,https://images.unsplash.com/photo-1561049933-c8fbef47b329?crop=entropy&cs=tinysrgb&fit=max&fm=jpg&ixid=MnwyNjY4NDl8MHwxfHNlYXJjaHw2N3x8aG90ZWx8ZW58MHx8fHwxNjM1OTM4MDU1&ixlib=rb-1.2.1&q=80&w=400,240,스위트
241,https://images.unsplash.com/photo-1486591038957-19e7c73bdc41?crop=entropy&cs=tinysrgb&fit=max&fm=jpg&ixid=MnwyNjY4NDl8MHwxfHNlYXJjaHw2OHx8aG90ZWx8ZW58MHx8fHwxNjM1OTM4MDU1&ixlib=rb-1.2.1&q=80&w=400,241,스탠다드
242,https://images.unsplash.com/photo-1578683010236-d716f9a3f461?crop=entropy&cs=tinysrgb&fit=max&fm=jpg&ixid=MnwyNjY4NDl8MHwxfHNlYXJjaHw1M3x8aG90ZWx8ZW58MHx8fHwxNjM1OTM4MDcy&ixlib=rb-1.2.1&q=80&w=400,242,디럭스
243,https://images.unsplash.com/photo-1574643156929-51fa098b0394?crop=entropy&cs=tinysrgb&fit=max&fm=jpg&ixid=MnwyNjY4NDl8MHwxfHNlYXJjaHw1NHx8aG90ZWx8ZW58MHx8fHwxNjM1OTM4MDcy&ixlib=rb-1.2.1&q=80&w=400,243,이그제큐티브
244,https://images.unsplash.com/photo-1629140727571-9b5c6f6267b4?crop=entropy&cs=tinysrgb&fit=max&fm=jpg&ixid=MnwyNjY4NDl8MHwxfHNlYXJjaHw1NXx8aG90ZWx8ZW58MHx8fHwxNjM1OTM4MDcy&ixlib=rb-1.2.1&q=80&w=400,244,스위트
245,https://images.unsplash.com/photo-1559508551-44bff1de756b?crop=entropy&cs=tinysrgb&fit=max&fm=jpg&ixid=MnwyNjY4NDl8MHwxfHNlYXJjaHw1Nnx8aG90ZWx8ZW58MHx8fHwxNjM1OTM4MDcy&ixlib=rb-1.2.1&q=80&w=400,245,스탠다드
246,https://images.unsplash.com/photo-1592229505726-ca121723b8ef?crop=entropy&cs=tinysrgb&fit=max&fm=jpg&ixid=MnwyNjY4NDl8MHwxfHNlYXJjaHw3MHx8aG90ZWx8ZW58MHx8fHwxNjM1OTM4MDU1&ixlib=rb-1.2.1&q=80&w=400,246,디럭스
247,https://images.unsplash.com/photo-1512918728675-ed5a9ecdebfd?crop=entropy&cs=tinysrgb&fit=max&fm=jpg&ixid=MnwyNjY4NDl8MHwxfHNlYXJjaHwzM3x8aG90ZWx8ZW58MHx8fHwxNjM1OTM4MTY4&ixlib=rb-1.2.1&q=80&w=400,247,이그제큐티브
248,https://images.unsplash.com/photo-1611892440504-42a792e24d32?crop=entropy&cs=tinysrgb&fit=max&fm=jpg&ixid=MnwyNjY4NDl8MHwxfHNlYXJjaHwzNHx8aG90ZWx8ZW58MHx8fHwxNjM1OTM4MTY4&ixlib=rb-1.2.1&q=80&w=400,248,스위트
249,https://images.unsplash.com/photo-1572177215152-32f247303126?crop=entropy&cs=tinysrgb&fit=max&fm=jpg&ixid=MnwyNjY4NDl8MHwxfHNlYXJjaHw5MXx8aG90ZWx8ZW58MHx8fHwxNjM1OTM3OTYz&ixlib=rb-1.2.1&q=80&w=400,249,스탠다드
250,https://images.unsplash.com/photo-1568495248636-6432b97bd949?crop=entropy&cs=tinysrgb&fit=max&fm=jpg&ixid=MnwyNjY4NDl8MHwxfHNlYXJjaHw5Mnx8aG90ZWx8ZW58MHx8fHwxNjM1OTM3OTYz&ixlib=rb-1.2.1&q=80&w=400,250,디럭스
251,https://images.unsplash.com/photo-1558976825-6b1b03a03719?crop=entropy&cs=tinysrgb&fit=max&fm=jpg&ixid=MnwyNjY4NDl8MHwxfHNlYXJjaHw5Nnx8aG90ZWx8ZW58MHx8fHwxNjM1OTM3OTYz&ixlib=rb-1.2.1&q=80&w=400,251,이그제큐티브
252,https://images.unsplash.com/photo-1561049933-f8b4f520ca32?crop=entropy&cs=tinysrgb&fit=max&fm=jpg&ixid=MnwyNjY4NDl8MHwxfHNlYXJjaHw4MXx8aG90ZWx8ZW58MHx8fHwxNjM1OTM4MDEy&ixlib=rb-1.2.1&q=80&w=400,252,스위트
253,https://images.unsplash.com/photo-1584132905271-512c958d674a?crop=entropy&cs=tinysrgb&fit=max&fm=jpg&ixid=MnwyNjY4NDl8MHwxfHNlYXJjaHw3Mnx8aG90ZWx8ZW58MHx8fHwxNjM1OTM4MDM4&ixlib=rb-1.2.1&q=80&w=400,253,스탠다드
254,https://images.unsplash.com/photo-1582719478250-c89cae4dc85b?crop=entropy&cs=tinysrgb&fit=max&fm=jpg&ixid=MnwyNjY4NDl8MHwxfHNlYXJjaHw3NHx8aG90ZWx8ZW58MHx8fHwxNjM1OTM4MDM4&ixlib=rb-1.2.1&q=80&w=400,254,디럭스
255,https://images.unsplash.com/photo-1584132915807-fd1f5fbc078f?crop=entropy&cs=tinysrgb&fit=max&fm=jpg&ixid=MnwyNjY4NDl8MHwxfHNlYXJjaHw3Nnx8aG90ZWx8ZW58MHx8fHwxNjM1OTM4MDM4&ixlib=rb-1.2.1&q=80&w=400,255,이그제큐티브
256,https://images.unsplash.com/photo-1561049933-c7762dbc757e?crop=entropy&cs=tinysrgb&fit=max&fm=jpg&ixid=MnwyNjY4NDl8MHwxfHNlYXJjaHw3OXx8aG90ZWx8ZW58MHx8fHwxNjM1OTM4MDM4&ixlib=rb-1.2.1&q=80&w=400,256,스위트
257,https://images.unsplash.com/photo-1566195992011-5f6b21e539aa?crop=entropy&cs=tinysrgb&fit=max&fm=jpg&ixid=MnwyNjY4NDl8MHwxfHNlYXJjaHw2NXx8aG90ZWx8ZW58MHx8fHwxNjM1OTM4MDU1&ixlib=rb-1.2.1&q=80&w=400,257,스탠다드
258,https://images.unsplash.com/photo-1522771739844-6a9f6d5f14af?crop=entropy&cs=tinysrgb&fit=max&fm=jpg&ixid=MnwyNjY4NDl8MHwxfHNlYXJjaHw2Nnx8aG90ZWx8ZW58MHx8fHwxNjM1OTM4MDU1&ixlib=rb-1.2.1&q=80&w=400,258,디럭스
259,https://images.unsplash.com/photo-1561049933-c8fbef47b329?crop=entropy&cs=tinysrgb&fit=max&fm=jpg&ixid=MnwyNjY4NDl8MHwxfHNlYXJjaHw2N3x8aG90ZWx8ZW58MHx8fHwxNjM1OTM4MDU1&ixlib=rb-1.2.1&q=80&w=400,259,이그제큐티브
260,https://images.unsplash.com/photo-1486591038957-19e7c73bdc41?crop=entropy&cs=tinysrgb&fit=max&fm=jpg&ixid=MnwyNjY4NDl8MHwxfHNlYXJjaHw2OHx8aG90ZWx8ZW58MHx8fHwxNjM1OTM4MDU1&ixlib=rb-1.2.1&q=80&w=400,260,스위트
261,https://images.unsplash.com/photo-1578683010236-d716f9a3f461?crop=entropy&cs=tinysrgb&fit=max&fm=jpg&ixid=MnwyNjY4NDl8MHwxfHNlYXJjaHw1M3x8aG90ZWx8ZW58MHx8fHwxNjM1OTM4MDcy&ixlib=rb-1.2.1&q=80&w=400,261,스탠다드
262,https://images.unsplash.com/photo-1574643156929-51fa098b0394?crop=entropy&cs=tinysrgb&fit=max&fm=jpg&ixid=MnwyNjY4NDl8MHwxfHNlYXJjaHw1NHx8aG90ZWx8ZW58MHx8fHwxNjM1OTM4MDcy&ixlib=rb-1.2.1&q=80&w=400,262,디럭스
263,https://images.unsplash.com/photo-1629140727571-9b5c6f6267b4?crop=entropy&cs=tinysrgb&fit=max&fm=jpg&ixid=MnwyNjY4NDl8MHwxfHNlYXJjaHw1NXx8aG90ZWx8ZW58MHx8fHwxNjM1OTM4MDcy&ixlib=rb-1.2.1&q=80&w=400,263,이그제큐티브
264,https://images.unsplash.com/photo-1559508551-44bff1de756b?crop=entropy&cs=tinysrgb&fit=max&fm=jpg&ixid=MnwyNjY4NDl8MHwxfHNlYXJjaHw1Nnx8aG90ZWx8ZW58MHx8fHwxNjM1OTM4MDcy&ixlib=rb-1.2.1&q=80&w=400,264,스위트
265,https://images.unsplash.com/photo-1592229505726-ca121723b8ef?crop=entropy&cs=tinysrgb&fit=max&fm=jpg&ixid=MnwyNjY4NDl8MHwxfHNlYXJjaHw3MHx8aG90ZWx8ZW58MHx8fHwxNjM1OTM4MDU1&ixlib=rb-1.2.1&q=80&w=400,265,스탠다드
266,https://images.unsplash.com/photo-1512918728675-ed5a9ecdebfd?crop=entropy&cs=tinysrgb&fit=max&fm=jpg&ixid=MnwyNjY4NDl8MHwxfHNlYXJjaHwzM3x8aG90ZWx8ZW58MHx8fHwxNjM1OTM4MTY4&ixlib=rb-1.2.1&q=80&w=400,266,디럭스
267,https://images.unsplash.com/photo-1611892440504-42a792e24d32?crop=entropy&cs=tinysrgb&fit=max&fm=jpg&ixid=MnwyNjY4NDl8MHwxfHNlYXJjaHwzNHx8aG90ZWx8ZW58MHx8fHwxNjM1OTM4MTY4&ixlib=rb-1.2.1&q=80&w=400,267,이그제큐티브
268,https://images.unsplash.com/photo-1572177215152-32f247303126?crop=entropy&cs=tinysrgb&fit=max&fm=jpg&ixid=MnwyNjY4NDl8MHwxfHNlYXJjaHw5MXx8aG90ZWx8ZW58MHx8fHwxNjM1OTM3OTYz&ixlib=rb-1.2.1&q=80&w=400,268,스위트
269,https://images.unsplash.com/photo-1568495248636-6432b97bd949?crop=entropy&cs=tinysrgb&fit=max&fm=jpg&ixid=MnwyNjY4NDl8MHwxfHNlYXJjaHw5Mnx8aG90ZWx8ZW58MHx8fHwxNjM1OTM3OTYz&ixlib=rb-1.2.1&q=80&w=400,269,스탠다드
270,https://images.unsplash.com/photo-1558976825-6b1b03a03719?crop=entropy&cs=tinysrgb&fit=max&fm=jpg&ixid=MnwyNjY4NDl8MHwxfHNlYXJjaHw5Nnx8aG90ZWx8ZW58MHx8fHwxNjM1OTM3OTYz&ixlib=rb-1.2.1&q=80&w=400,270,디럭스
271,https://images.unsplash.com/photo-1561049933-f8b4f520ca32?crop=entropy&cs=tinysrgb&fit=max&fm=jpg&ixid=MnwyNjY4NDl8MHwxfHNlYXJjaHw4MXx8aG90ZWx8ZW58MHx8fHwxNjM1OTM4MDEy&ixlib=rb-1.2.1&q=80&w=400,271,이그제큐티브
272,https://images.unsplash.com/photo-1584132905271-512c958d674a?crop=entropy&cs=tinysrgb&fit=max&fm=jpg&ixid=MnwyNjY4NDl8MHwxfHNlYXJjaHw3Mnx8aG90ZWx8ZW58MHx8fHwxNjM1OTM4MDM4&ixlib=rb-1.2.1&q=80&w=400,272,스위트
273,https://images.unsplash.com/photo-1582719478250-c89cae4dc85b?crop=entropy&cs=tinysrgb&fit=max&fm=jpg&ixid=MnwyNjY4NDl8MHwxfHNlYXJjaHw3NHx8aG90ZWx8ZW58MHx8fHwxNjM1OTM4MDM4&ixlib=rb-1.2.1&q=80&w=400,273,스탠다드
274,https://images.unsplash.com/photo-1584132915807-fd1f5fbc078f?crop=entropy&cs=tinysrgb&fit=max&fm=jpg&ixid=MnwyNjY4NDl8MHwxfHNlYXJjaHw3Nnx8aG90ZWx8ZW58MHx8fHwxNjM1OTM4MDM4&ixlib=rb-1.2.1&q=80&w=400,274,디럭스
275,https://images.unsplash.com/photo-1561049933-c7762dbc757e?crop=entropy&cs=tinysrgb&fit=max&fm=jpg&ixid=MnwyNjY4NDl8MHwxfHNlYXJjaHw3OXx8aG90ZWx8ZW58MHx8fHwxNjM1OTM4MDM4&ixlib=rb-1.2.1&q=80&w=400,275,이그제큐티브
276,https://images.unsplash.com/photo-1566195992011-5f6b21e539aa?crop=entropy&cs=tinysrgb&fit=max&fm=jpg&ixid=MnwyNjY4NDl8MHwxfHNlYXJjaHw2NXx8aG90ZWx8ZW58MHx8fHwxNjM1OTM4MDU1&ixlib=rb-1.2.1&q=80&w=400,276,스위트
277,https://images.unsplash.com/photo-1522771739844-6a9f6d5f14af?crop=entropy&cs=tinysrgb&fit=max&fm=jpg&ixid=MnwyNjY4NDl8MHwxfHNlYXJjaHw2Nnx8aG90ZWx8ZW58MHx8fHwxNjM1OTM4MDU1&ixlib=rb-1.2.1&q=80&w=400,277,스탠다드
278,https://images.unsplash.com/photo-1561049933-c8fbef47b329?crop=entropy&cs=tinysrgb&fit=max&fm=jpg&ixid=MnwyNjY4NDl8MHwxfHNlYXJjaHw2N3x8aG90ZWx8ZW58MHx8fHwxNjM1OTM4MDU1&ixlib=rb-1.2.1&q=80&w=400,278,디럭스
279,https://images.unsplash.com/photo-1486591038957-19e7c73bdc41?crop=entropy&cs=tinysrgb&fit=max&fm=jpg&ixid=MnwyNjY4NDl8MHwxfHNlYXJjaHw2OHx8aG90ZWx8ZW58MHx8fHwxNjM1OTM4MDU1&ixlib=rb-1.2.1&q=80&w=400,279,이그제큐티브
280,https://images.unsplash.com/photo-1578683010236-d716f9a3f461?crop=entropy&cs=tinysrgb&fit=max&fm=jpg&ixid=MnwyNjY4NDl8MHwxfHNlYXJjaHw1M3x8aG90ZWx8ZW58MHx8fHwxNjM1OTM4MDcy&ixlib=rb-1.2.1&q=80&w=400,280,스위트
281,https://images.unsplash.com/photo-1574643156929-51fa098b0394?crop=entropy&cs=tinysrgb&fit=max&fm=jpg&ixid=MnwyNjY4NDl8MHwxfHNlYXJjaHw1NHx8aG90ZWx8ZW58MHx8fHwxNjM1OTM4MDcy&ixlib=rb-1.2.1&q=80&w=400,281,스탠다드
282,https://images.unsplash.com/photo-1629140727571-9b5c6f6267b4?crop=entropy&cs=tinysrgb&fit=max&fm=jpg&ixid=MnwyNjY4NDl8MHwxfHNlYXJjaHw1NXx8aG90ZWx8ZW58MHx8fHwxNjM1OTM4MDcy&ixlib=rb-1.2.1&q=80&w=400,282,디럭스
283,https://images.unsplash.com/photo-1559508551-44bff1de756b?crop=entropy&cs=tinysrgb&fit=max&fm=jpg&ixid=MnwyNjY4NDl8MHwxfHNlYXJjaHw1Nnx8aG90ZWx8ZW58MHx8fHwxNjM1OTM4MDcy&ixlib=rb-1.2.1&q=80&w=400,283,이그제큐티브
284,https://images.unsplash.com/photo-1592229505726-ca121723b8ef?crop=entropy&cs=tinysrgb&fit=max&fm=jpg&ixid=MnwyNjY4NDl8MHwxfHNlYXJjaHw3MHx8aG90ZWx8ZW58MHx8fHwxNjM1OTM4MDU1&ixlib=rb-1.2.1&q=80&w=400,284,스위트
285,https://images.unsplash.com/photo-1512918728675-ed5a9ecdebfd?crop=entropy&cs=tinysrgb&fit=max&fm=jpg&ixid=MnwyNjY4NDl8MHwxfHNlYXJjaHwzM3x8aG90ZWx8ZW58MHx8fHwxNjM1OTM4MTY4&ixlib=rb-1.2.1&q=80&w=400,285,스탠다드
286,https://images.unsplash.com/photo-1611892440504-42a792e24d32?crop=entropy&cs=tinysrgb&fit=max&fm=jpg&ixid=MnwyNjY4NDl8MHwxfHNlYXJjaHwzNHx8aG90ZWx8ZW58MHx8fHwxNjM1OTM4MTY4&ixlib=rb-1.2.1&q=80&w=400,286,디럭스
287,https://images.unsplash.com/photo-1572177215152-32f247303126?crop=entropy&cs=tinysrgb&fit=max&fm=jpg&ixid=MnwyNjY4NDl8MHwxfHNlYXJjaHw5MXx8aG90ZWx8ZW58MHx8fHwxNjM1OTM3OTYz&ixlib=rb-1.2.1&q=80&w=400,287,이그제큐티브
288,https://images.unsplash.com/photo-1568495248636-6432b97bd949?crop=entropy&cs=tinysrgb&fit=max&fm=jpg&ixid=MnwyNjY4NDl8MHwxfHNlYXJjaHw5Mnx8aG90ZWx8ZW58MHx8fHwxNjM1OTM3OTYz&ixlib=rb-1.2.1&q=80&w=400,288,스위트
289,https://images.unsplash.com/photo-1558976825-6b1b03a03719?crop=entropy&cs=tinysrgb&fit=max&fm=jpg&ixid=MnwyNjY4NDl8MHwxfHNlYXJjaHw5Nnx8aG90ZWx8ZW58MHx8fHwxNjM1OTM3OTYz&ixlib=rb-1.2.1&q=80&w=400,289,스탠다드
290,https://images.unsplash.com/photo-1561049933-f8b4f520ca32?crop=entropy&cs=tinysrgb&fit=max&fm=jpg&ixid=MnwyNjY4NDl8MHwxfHNlYXJjaHw4MXx8aG90ZWx8ZW58MHx8fHwxNjM1OTM4MDEy&ixlib=rb-1.2.1&q=80&w=400,290,디럭스
291,https://images.unsplash.com/photo-1584132905271-512c958d674a?crop=entropy&cs=tinysrgb&fit=max&fm=jpg&ixid=MnwyNjY4NDl8MHwxfHNlYXJjaHw3Mnx8aG90ZWx8ZW58MHx8fHwxNjM1OTM4MDM4&ixlib=rb-1.2.1&q=80&w=400,291,이그제큐티브
292,https://images.unsplash.com/photo-1582719478250-c89cae4dc85b?crop=entropy&cs=tinysrgb&fit=max&fm=jpg&ixid=MnwyNjY4NDl8MHwxfHNlYXJjaHw3NHx8aG90ZWx8ZW58MHx8fHwxNjM1OTM4MDM4&ixlib=rb-1.2.1&q=80&w=400,292,스위트
293,https://images.unsplash.com/photo-1584132915807-fd1f5fbc078f?crop=entropy&cs=tinysrgb&fit=max&fm=jpg&ixid=MnwyNjY4NDl8MHwxfHNlYXJjaHw3Nnx8aG90ZWx8ZW58MHx8fHwxNjM1OTM4MDM4&ixlib=rb-1.2.1&q=80&w=400,293,스탠다드
294,https://images.unsplash.com/photo-1561049933-c7762dbc757e?crop=entropy&cs=tinysrgb&fit=max&fm=jpg&ixid=MnwyNjY4NDl8MHwxfHNlYXJjaHw3OXx8aG90ZWx8ZW58MHx8fHwxNjM1OTM4MDM4&ixlib=rb-1.2.1&q=80&w=400,294,디럭스
295,https://images.unsplash.com/photo-1566195992011-5f6b21e539aa?crop=entropy&cs=tinysrgb&fit=max&fm=jpg&ixid=MnwyNjY4NDl8MHwxfHNlYXJjaHw2NXx8aG90ZWx8ZW58MHx8fHwxNjM1OTM4MDU1&ixlib=rb-1.2.1&q=80&w=400,295,이그제큐티브
296,https://images.unsplash.com/photo-1522771739844-6a9f6d5f14af?crop=entropy&cs=tinysrgb&fit=max&fm=jpg&ixid=MnwyNjY4NDl8MHwxfHNlYXJjaHw2Nnx8aG90ZWx8ZW58MHx8fHwxNjM1OTM4MDU1&ixlib=rb-1.2.1&q=80&w=400,296,스위트
297,https://images.unsplash.com/photo-1561049933-c8fbef47b329?crop=entropy&cs=tinysrgb&fit=max&fm=jpg&ixid=MnwyNjY4NDl8MHwxfHNlYXJjaHw2N3x8aG90ZWx8ZW58MHx8fHwxNjM1OTM4MDU1&ixlib=rb-1.2.1&q=80&w=400,297,스탠다드
298,https://images.unsplash.com/photo-1486591038957-19e7c73bdc41?crop=entropy&cs=tinysrgb&fit=max&fm=jpg&ixid=MnwyNjY4NDl8MHwxfHNlYXJjaHw2OHx8aG90ZWx8ZW58MHx8fHwxNjM1OTM4MDU1&ixlib=rb-1.2.1&q=80&w=400,298,디럭스
299,https://images.unsplash.com/photo-1578683010236-d716f9a3f461?crop=entropy&cs=tinysrgb&fit=max&fm=jpg&ixid=MnwyNjY4NDl8MHwxfHNlYXJjaHw1M3x8aG90ZWx8ZW58MHx8fHwxNjM1OTM4MDcy&ixlib=rb-1.2.1&q=80&w=400,299,이그제큐티브
300,https://images.unsplash.com/photo-1574643156929-51fa098b0394?crop=entropy&cs=tinysrgb&fit=max&fm=jpg&ixid=MnwyNjY4NDl8MHwxfHNlYXJjaHw1NHx8aG90ZWx8ZW58MHx8fHwxNjM1OTM4MDcy&ixlib=rb-1.2.1&q=80&w=400,300,스위트
301,https://images.unsplash.com/photo-1629140727571-9b5c6f6267b4?crop=entropy&cs=tinysrgb&fit=max&fm=jpg&ixid=MnwyNjY4NDl8MHwxfHNlYXJjaHw1NXx8aG90ZWx8ZW58MHx8fHwxNjM1OTM4MDcy&ixlib=rb-1.2.1&q=80&w=400,301,스탠다드
302,https://images.unsplash.com/photo-1559508551-44bff1de756b?crop=entropy&cs=tinysrgb&fit=max&fm=jpg&ixid=MnwyNjY4NDl8MHwxfHNlYXJjaHw1Nnx8aG90ZWx8ZW58MHx8fHwxNjM1OTM4MDcy&ixlib=rb-1.2.1&q=80&w=400,302,디럭스
303,https://images.unsplash.com/photo-1592229505726-ca121723b8ef?crop=entropy&cs=tinysrgb&fit=max&fm=jpg&ixid=MnwyNjY4NDl8MHwxfHNlYXJjaHw3MHx8aG90ZWx8ZW58MHx8fHwxNjM1OTM4MDU1&ixlib=rb-1.2.1&q=80&w=400,303,이그제큐티브
304,https://images.unsplash.com/photo-1512918728675-ed5a9ecdebfd?crop=entropy&cs=tinysrgb&fit=max&fm=jpg&ixid=MnwyNjY4NDl8MHwxfHNlYXJjaHwzM3x8aG90ZWx8ZW58MHx8fHwxNjM1OTM4MTY4&ixlib=rb-1.2.1&q=80&w=400,304,스위트
305,https://images.unsplash.com/photo-1611892440504-42a792e24d32?crop=entropy&cs=tinysrgb&fit=max&fm=jpg&ixid=MnwyNjY4NDl8MHwxfHNlYXJjaHwzNHx8aG90ZWx8ZW58MHx8fHwxNjM1OTM4MTY4&ixlib=rb-1.2.1&q=80&w=400,305,스탠다드
306,https://images.unsplash.com/photo-1572177215152-32f247303126?crop=entropy&cs=tinysrgb&fit=max&fm=jpg&ixid=MnwyNjY4NDl8MHwxfHNlYXJjaHw5MXx8aG90ZWx8ZW58MHx8fHwxNjM1OTM3OTYz&ixlib=rb-1.2.1&q=80&w=400,306,디럭스
307,https://images.unsplash.com/photo-1568495248636-6432b97bd949?crop=entropy&cs=tinysrgb&fit=max&fm=jpg&ixid=MnwyNjY4NDl8MHwxfHNlYXJjaHw5Mnx8aG90ZWx8ZW58MHx8fHwxNjM1OTM3OTYz&ixlib=rb-1.2.1&q=80&w=400,307,이그제큐티브
308,https://images.unsplash.com/photo-1558976825-6b1b03a03719?crop=entropy&cs=tinysrgb&fit=max&fm=jpg&ixid=MnwyNjY4NDl8MHwxfHNlYXJjaHw5Nnx8aG90ZWx8ZW58MHx8fHwxNjM1OTM3OTYz&ixlib=rb-1.2.1&q=80&w=400,308,스위트
309,https://images.unsplash.com/photo-1561049933-f8b4f520ca32?crop=entropy&cs=tinysrgb&fit=max&fm=jpg&ixid=MnwyNjY4NDl8MHwxfHNlYXJjaHw4MXx8aG90ZWx8ZW58MHx8fHwxNjM1OTM4MDEy&ixlib=rb-1.2.1&q=80&w=400,309,스탠다드
310,https://images.unsplash.com/photo-1584132905271-512c958d674a?crop=entropy&cs=tinysrgb&fit=max&fm=jpg&ixid=MnwyNjY4NDl8MHwxfHNlYXJjaHw3Mnx8aG90ZWx8ZW58MHx8fHwxNjM1OTM4MDM4&ixlib=rb-1.2.1&q=80&w=400,310,디럭스
311,https://images.unsplash.com/photo-1582719478250-c89cae4dc85b?crop=entropy&cs=tinysrgb&fit=max&fm=jpg&ixid=MnwyNjY4NDl8MHwxfHNlYXJjaHw3NHx8aG90ZWx8ZW58MHx8fHwxNjM1OTM4MDM4&ixlib=rb-1.2.1&q=80&w=400,311,이그제큐티브
312,https://images.unsplash.com/photo-1584132915807-fd1f5fbc078f?crop=entropy&cs=tinysrgb&fit=max&fm=jpg&ixid=MnwyNjY4NDl8MHwxfHNlYXJjaHw3Nnx8aG90ZWx8ZW58MHx8fHwxNjM1OTM4MDM4&ixlib=rb-1.2.1&q=80&w=400,312,스위트
313,https://images.unsplash.com/photo-1561049933-c7762dbc757e?crop=entropy&cs=tinysrgb&fit=max&fm=jpg&ixid=MnwyNjY4NDl8MHwxfHNlYXJjaHw3OXx8aG90ZWx8ZW58MHx8fHwxNjM1OTM4MDM4&ixlib=rb-1.2.1&q=80&w=400,313,스탠다드
314,https://images.unsplash.com/photo-1566195992011-5f6b21e539aa?crop=entropy&cs=tinysrgb&fit=max&fm=jpg&ixid=MnwyNjY4NDl8MHwxfHNlYXJjaHw2NXx8aG90ZWx8ZW58MHx8fHwxNjM1OTM4MDU1&ixlib=rb-1.2.1&q=80&w=400,314,디럭스
315,https://images.unsplash.com/photo-1522771739844-6a9f6d5f14af?crop=entropy&cs=tinysrgb&fit=max&fm=jpg&ixid=MnwyNjY4NDl8MHwxfHNlYXJjaHw2Nnx8aG90ZWx8ZW58MHx8fHwxNjM1OTM4MDU1&ixlib=rb-1.2.1&q=80&w=400,315,이그제큐티브
316,https://images.unsplash.com/photo-1561049933-c8fbef47b329?crop=entropy&cs=tinysrgb&fit=max&fm=jpg&ixid=MnwyNjY4NDl8MHwxfHNlYXJjaHw2N3x8aG90ZWx8ZW58MHx8fHwxNjM1OTM4MDU1&ixlib=rb-1.2.1&q=80&w=400,316,스위트
317,https://images.unsplash.com/photo-1486591038957-19e7c73bdc41?crop=entropy&cs=tinysrgb&fit=max&fm=jpg&ixid=MnwyNjY4NDl8MHwxfHNlYXJjaHw2OHx8aG90ZWx8ZW58MHx8fHwxNjM1OTM4MDU1&ixlib=rb-1.2.1&q=80&w=400,317,스탠다드
318,https://images.unsplash.com/photo-1578683010236-d716f9a3f461?crop=entropy&cs=tinysrgb&fit=max&fm=jpg&ixid=MnwyNjY4NDl8MHwxfHNlYXJjaHw1M3x8aG90ZWx8ZW58MHx8fHwxNjM1OTM4MDcy&ixlib=rb-1.2.1&q=80&w=400,318,디럭스
319,https://images.unsplash.com/photo-1574643156929-51fa098b0394?crop=entropy&cs=tinysrgb&fit=max&fm=jpg&ixid=MnwyNjY4NDl8MHwxfHNlYXJjaHw1NHx8aG90ZWx8ZW58MHx8fHwxNjM1OTM4MDcy&ixlib=rb-1.2.1&q=80&w=400,319,이그제큐티브
320,https://images.unsplash.com/photo-1629140727571-9b5c6f6267b4?crop=entropy&cs=tinysrgb&fit=max&fm=jpg&ixid=MnwyNjY4NDl8MHwxfHNlYXJjaHw1NXx8aG90ZWx8ZW58MHx8fHwxNjM1OTM4MDcy&ixlib=rb-1.2.1&q=80&w=400,320,스위트